onset	duration	trial_type	value	gaze_x	gaze_y	pupil_size	sacc_endx	sacc_endy	sacc_amplitude	sacc_peakvel
1.993	0.4	fixation	n/a	311.3	274.9	1038.0	n/a	n/a	n/a	n/a
2.032	0.0	trigger_113	113	n/a	n/a	n/a	n/a	n/a	n/a	n/a
2.032	0.0	trigger_19	19	n/a	n/a	n/a	n/a	n/a	n/a	n/a
2.048	0.0	trigger_10	10	n/a	n/a	n/a	n/a	n/a	n/a	n/a
2.395	0.02	saccade	n/a	313.1	292.4	n/a	267.4	281.1	1.87	160.0
2.417	0.244	fixation	n/a	279.5	275.5	1003.0	n/a	n/a	n/a	n/a
2.663	0.042	saccade	n/a	279.8	283.6	n/a	274.4	230.3	2.16	131.0
2.707	0.574	fixation	n/a	273.7	223.5	961.0	n/a	n/a	n/a	n/a
3.283	0.026	saccade	n/a	264.9	230.8	n/a	278.3	198.4	1.42	68.0
3.311	0.64	fixation	n/a	283.0	195.6	941.0	n/a	n/a	n/a	n/a
3.953	0.008	saccade	n/a	281.7	210.6	n/a	274.1	222.7	0.58	72.0
3.963	0.258	fixation	n/a	271.3	237.7	934.0	n/a	n/a	n/a	n/a
4.223	0.05	saccade	n/a	272.8	240.0	n/a	239.6	103.8	5.67	360.0
4.275	0.088	fixation	n/a	239.0	93.4	900.0	n/a	n/a	n/a	n/a
4.298	0.0	trigger_11	11	n/a	n/a	n/a	n/a	n/a	n/a	n/a
4.304	0.0	trigger_10	10	n/a	n/a	n/a	n/a	n/a	n/a	n/a
4.365	0.038	saccade	n/a	240.2	95.0	n/a	157.0	98.4	3.29	320.0
4.405	0.164	fixation	n/a	151.6	100.0	915.0	n/a	n/a	n/a	n/a
4.571	0.016	saccade	n/a	147.7	101.8	n/a	140.9	96.0	0.35	68.0
4.589	0.1	fixation	n/a	143.4	98.3	919.0	n/a	n/a	n/a	n/a
4.691	0.036	saccade	n/a	144.6	98.9	n/a	217.5	96.9	2.87	364.0
4.729	0.088	fixation	n/a	233.3	95.5	951.0	n/a	n/a	n/a	n/a
4.819	0.054	saccade	n/a	234.5	97.2	n/a	479.2	113.9	9.81	463.0
4.875	0.16	fixation	n/a	479.8	106.8	968.0	n/a	n/a	n/a	n/a
5.037	0.022	saccade	n/a	481.6	105.5	n/a	440.2	106.3	1.67	164.0
5.061	0.156	fixation	n/a	448.1	107.9	1002.0	n/a	n/a	n/a	n/a
5.219	0.036	saccade	n/a	444.4	111.9	n/a	510.6	107.1	2.67	310.0
5.257	0.1	fixation	n/a	521.6	107.5	1006.0	n/a	n/a	n/a	n/a
5.359	0.07	saccade	n/a	522.1	109.0	n/a	154.3	155.1	14.66	512.0
5.431	0.184	fixation	n/a	142.3	159.0	1089.0	n/a	n/a	n/a	n/a
5.617	0.032	saccade	n/a	143.1	161.7	n/a	183.2	163.6	1.57	230.0
5.651	0.132	fixation	n/a	189.9	164.5	1129.0	n/a	n/a	n/a	n/a
5.785	0.036	saccade	n/a	188.8	165.8	n/a	154.9	170.1	1.34	247.0
5.823	0.192	fixation	n/a	141.3	170.4	1143.0	n/a	n/a	n/a	n/a
6.017	0.05	saccade	n/a	140.8	170.6	n/a	273.5	163.1	5.24	386.0
6.069	0.424	fixation	n/a	289.1	167.6	1138.0	n/a	n/a	n/a	n/a
6.495	0.052	saccade	n/a	292.7	168.1	n/a	197.4	106.3	4.54	335.0
6.549	0.134	fixation	n/a	186.2	104.8	1135.0	n/a	n/a	n/a	n/a
6.685	0.018	saccade	n/a	181.9	106.0	n/a	170.4	105.7	0.45	75.0
6.705	0.056	fixation	n/a	173.8	105.9	1113.0	n/a	n/a	n/a	n/a
6.76	0.0	trigger_11	11	n/a	n/a	n/a	n/a	n/a	n/a	n/a
6.763	0.046	saccade	n/a	172.8	107.5	n/a	297.5	105.2	4.96	406.0
6.78	0.0	trigger_10	10	n/a	n/a	n/a	n/a	n/a	n/a	n/a
6.811	0.252	fixation	n/a	321.1	104.9	1067.0	n/a	n/a	n/a	n/a
7.065	0.036	saccade	n/a	322.1	106.0	n/a	372.5	110.5	2.04	267.0
7.103	0.19	fixation	n/a	384.0	110.7	1072.0	n/a	n/a	n/a	n/a
7.295	0.04	saccade	n/a	384.8	109.5	n/a	445.0	115.2	2.44	303.0
7.337	0.208	fixation	n/a	462.0	117.9	1081.0	n/a	n/a	n/a	n/a
7.547	0.036	saccade	n/a	462.1	117.1	n/a	505.1	117.5	1.72	226.0
7.585	0.192	fixation	n/a	515.3	115.7	1109.0	n/a	n/a	n/a	n/a
7.779	0.072	saccade	n/a	516.5	112.3	n/a	185.3	154.9	13.26	425.0
7.853	0.16	fixation	n/a	170.5	158.4	1136.0	n/a	n/a	n/a	n/a
8.015	0.02	saccade	n/a	170.5	160.4	n/a	146.6	165.7	0.96	118.0
8.037	0.126	fixation	n/a	152.1	165.3	1123.0	n/a	n/a	n/a	n/a
8.165	0.038	saccade	n/a	150.8	164.6	n/a	215.9	166.5	2.56	320.0
8.205	0.16	fixation	n/a	233.3	165.9	1114.0	n/a	n/a	n/a	n/a
8.367	0.032	saccade	n/a	233.6	173.5	n/a	271.7	165.3	1.55	212.0
8.401	0.204	fixation	n/a	292.3	159.0	1098.0	n/a	n/a	n/a	n/a
8.562	0.0	trigger_11	11	n/a	n/a	n/a	n/a	n/a	n/a	n/a
8.574	0.0	trigger_10	10	n/a	n/a	n/a	n/a	n/a	n/a	n/a
8.607	0.036	saccade	n/a	294.7	156.3	n/a	277.0	102.2	2.31	285.0
8.645	0.33	fixation	n/a	279.7	95.2	1037.0	n/a	n/a	n/a	n/a
8.977	0.042	saccade	n/a	282.2	94.3	n/a	190.2	95.6	3.65	357.0
9.021	0.154	fixation	n/a	180.2	99.2	1042.0	n/a	n/a	n/a	n/a
9.177	0.032	saccade	n/a	179.3	98.6	n/a	164.5	143.8	1.92	229.0
9.211	0.228	fixation	n/a	156.9	147.6	1039.0	n/a	n/a	n/a	n/a
9.441	0.038	saccade	n/a	157.5	147.6	n/a	279.5	153.5	4.84	405.0
9.481	0.182	fixation	n/a	296.2	153.3	1063.0	n/a	n/a	n/a	n/a
9.665	0.074	saccade	n/a	296.1	152.8	n/a	545.9	107.8	10.14	431.0
9.741	0.13	fixation	n/a	557.3	104.3	1024.0	n/a	n/a	n/a	n/a
9.873	0.032	saccade	n/a	559.0	100.5	n/a	512.1	91.8	1.91	255.0
9.907	0.166	fixation	n/a	506.8	89.3	1053.0	n/a	n/a	n/a	n/a
10.075	0.01	saccade	n/a	501.8	91.7	n/a	484.9	93.7	0.68	73.0
10.087	0.2	fixation	n/a	489.5	91.2	1115.0	n/a	n/a	n/a	n/a
10.289	0.056	saccade	n/a	490.6	93.2	n/a	287.8	88.1	8.13	479.0
10.347	0.43	fixation	n/a	273.1	91.0	1226.0	n/a	n/a	n/a	n/a
10.779	0.076	saccade	n/a	275.5	93.7	n/a	341.5	527.3	17.1	523.0
10.857	0.11	fixation	n/a	347.4	539.8	1329.0	n/a	n/a	n/a	n/a
10.969	0.034	saccade	n/a	348.7	540.5	n/a	395.9	533.5	1.84	283.0
11.005	0.174	fixation	n/a	412.6	533.5	1292.0	n/a	n/a	n/a	n/a
11.181	0.1	saccade	n/a	414.6	534.1	n/a	149.1	134.7	18.63	628.0
11.283	0.142	fixation	n/a	156.9	132.7	1084.0	n/a	n/a	n/a	n/a
11.427	0.02	saccade	n/a	158.5	133.3	n/a	142.8	145.4	0.78	116.0
11.449	0.11	fixation	n/a	147.3	142.5	1037.0	n/a	n/a	n/a	n/a
11.561	0.038	saccade	n/a	150.0	143.4	n/a	151.9	91.1	2.11	272.0
11.601	0.212	fixation	n/a	152.1	82.4	1019.0	n/a	n/a	n/a	n/a
11.815	0.038	saccade	n/a	151.0	85.9	n/a	223.5	96.2	2.88	349.0
11.855	0.172	fixation	n/a	244.5	100.0	1120.0	n/a	n/a	n/a	n/a
12.029	0.042	saccade	n/a	247.1	106.2	n/a	345.0	102.0	3.92	386.0
12.073	0.194	fixation	n/a	363.3	106.6	1163.0	n/a	n/a	n/a	n/a
12.269	0.02	saccade	n/a	363.2	106.2	n/a	336.9	108.5	1.06	124.0
12.291	0.19	fixation	n/a	340.4	110.3	1162.0	n/a	n/a	n/a	n/a
12.483	0.034	saccade	n/a	337.6	112.3	n/a	386.6	111.9	1.97	264.0
12.519	0.136	fixation	n/a	392.7	110.0	1169.0	n/a	n/a	n/a	n/a
12.657	0.036	saccade	n/a	388.3	111.5	n/a	441.2	121.4	2.17	264.0
12.695	0.178	fixation	n/a	452.0	106.9	1167.0	n/a	n/a	n/a	n/a
12.875	0.042	saccade	n/a	452.4	107.8	n/a	514.8	114.5	2.52	299.0
12.919	0.106	fixation	n/a	533.6	120.0	1173.0	n/a	n/a	n/a	n/a
13.027	0.072	saccade	n/a	535.7	121.3	n/a	171.7	157.7	14.49	516.0
13.101	0.16	fixation	n/a	158.8	162.5	1237.0	n/a	n/a	n/a	n/a
13.242	0.0	trigger_11	11	n/a	n/a	n/a	n/a	n/a	n/a	n/a
13.256	0.0	trigger_10	10	n/a	n/a	n/a	n/a	n/a	n/a	n/a
13.263	0.034	saccade	n/a	159.0	162.9	n/a	194.5	161.4	1.4	245.0
13.299	0.214	fixation	n/a	208.2	164.0	1272.0	n/a	n/a	n/a	n/a
13.515	0.038	saccade	n/a	207.4	162.6	n/a	316.0	164.6	4.33	380.0
13.555	0.138	fixation	n/a	328.9	164.8	1255.0	n/a	n/a	n/a	n/a
13.695	0.042	saccade	n/a	332.1	164.6	n/a	114.5	157.1	8.59	441.0
13.739	0.29	fixation	n/a	114.6	163.3	1218.0	n/a	n/a	n/a	n/a
14.031	0.034	saccade	n/a	114.2	161.6	n/a	174.2	166.3	2.35	316.0
14.067	0.302	fixation	n/a	192.3	163.6	1224.0	n/a	n/a	n/a	n/a
14.371	0.024	saccade	n/a	194.1	162.8	n/a	304.0	166.6	4.38	350.0
14.397	0.196	fixation	n/a	298.3	164.4	1231.0	n/a	n/a	n/a	n/a
14.595	0.036	saccade	n/a	300.1	164.8	n/a	357.3	163.0	2.29	297.0
14.633	0.16	fixation	n/a	372.7	164.9	1230.0	n/a	n/a	n/a	n/a
14.795	0.042	saccade	n/a	375.1	165.5	n/a	457.8	169.0	3.33	292.0
14.839	0.132	fixation	n/a	472.8	169.5	1218.0	n/a	n/a	n/a	n/a
14.973	0.034	saccade	n/a	474.0	170.2	n/a	510.2	168.8	1.45	223.0
15.009	0.128	fixation	n/a	520.6	167.1	1201.0	n/a	n/a	n/a	n/a
15.139	0.062	saccade	n/a	521.9	166.9	n/a	269.9	124.9	10.22	501.0
15.203	0.224	fixation	n/a	252.4	128.8	1236.0	n/a	n/a	n/a	n/a
15.429	0.04	saccade	n/a	249.2	129.8	n/a	161.1	119.7	3.51	369.0
15.471	0.122	fixation	n/a	146.9	126.7	1251.0	n/a	n/a	n/a	n/a
15.595	0.018	saccade	n/a	144.0	124.7	n/a	140.6	108.2	0.68	86.0
15.615	0.198	fixation	n/a	141.1	111.9	1205.0	n/a	n/a	n/a	n/a
15.815	0.04	saccade	n/a	140.9	108.6	n/a	232.2	108.2	3.59	371.0
15.857	0.328	fixation	n/a	253.4	104.7	1133.0	n/a	n/a	n/a	n/a
15.97	0.0	trigger_11	11	n/a	n/a	n/a	n/a	n/a	n/a	n/a
15.982	0.0	trigger_12	12	n/a	n/a	n/a	n/a	n/a	n/a	n/a
16.187	0.034	saccade	n/a	254.4	105.2	n/a	299.3	106.6	1.8	267.0
16.223	0.222	fixation	n/a	310.7	103.2	1102.0	n/a	n/a	n/a	n/a
16.447	0.04	saccade	n/a	312.4	101.4	n/a	389.4	105.5	3.1	309.0
16.489	0.3	fixation	n/a	404.8	105.9	1090.0	n/a	n/a	n/a	n/a
16.791	0.04	saccade	n/a	404.0	106.4	n/a	470.7	107.1	2.68	255.0
16.833	0.198	fixation	n/a	483.9	106.1	1078.0	n/a	n/a	n/a	n/a
17.033	0.02	saccade	n/a	485.5	104.9	n/a	454.9	102.0	1.23	128.0
17.055	0.12	fixation	n/a	460.9	104.6	1090.0	n/a	n/a	n/a	n/a
17.177	0.034	saccade	n/a	461.2	106.4	n/a	406.6	103.3	2.2	298.0
17.213	0.196	fixation	n/a	400.3	101.8	1123.0	n/a	n/a	n/a	n/a
17.411	0.04	saccade	n/a	400.2	103.8	n/a	467.2	107.2	2.7	301.0
17.453	0.222	fixation	n/a	483.7	111.5	1122.0	n/a	n/a	n/a	n/a
17.677	0.034	saccade	n/a	483.6	114.1	n/a	533.0	114.2	1.98	251.0
17.713	0.146	fixation	n/a	543.5	112.5	1106.0	n/a	n/a	n/a	n/a
17.861	0.07	saccade	n/a	545.7	113.0	n/a	243.4	102.9	12.05	483.0
17.933	0.256	fixation	n/a	229.6	106.2	1130.0	n/a	n/a	n/a	n/a
18.074	0.0	trigger_13	13	n/a	n/a	n/a	n/a	n/a	n/a	n/a
18.088	0.0	trigger_10	10	n/a	n/a	n/a	n/a	n/a	n/a	n/a
18.191	0.036	saccade	n/a	229.5	108.2	n/a	154.9	109.6	2.94	282.0
18.229	0.326	fixation	n/a	151.4	103.6	1122.0	n/a	n/a	n/a	n/a
18.557	0.032	saccade	n/a	152.7	101.5	n/a	120.5	101.7	1.25	170.0
18.591	0.214	fixation	n/a	113.2	100.8	1085.0	n/a	n/a	n/a	n/a
18.807	0.024	saccade	n/a	112.2	99.1	n/a	209.2	94.4	3.8	286.0
18.833	0.208	fixation	n/a	215.0	96.3	1021.0	n/a	n/a	n/a	n/a
19.043	0.036	saccade	n/a	219.2	96.3	n/a	286.7	98.0	2.69	310.0
19.081	0.262	fixation	n/a	304.3	96.3	963.0	n/a	n/a	n/a	n/a
19.345	0.036	saccade	n/a	305.2	92.4	n/a	368.6	90.8	2.55	292.0
19.383	0.302	fixation	n/a	380.5	87.9	923.0	n/a	n/a	n/a	n/a
19.687	0.03	saccade	n/a	379.3	88.9	n/a	480.9	101.0	4.12	264.0
19.719	0.188	fixation	n/a	475.3	100.3	947.0	n/a	n/a	n/a	n/a
19.909	0.036	saccade	n/a	474.2	102.3	n/a	526.9	107.6	2.12	260.0
19.947	0.318	fixation	n/a	537.4	107.5	1015.0	n/a	n/a	n/a	n/a
20.267	0.07	saccade	n/a	534.1	110.5	n/a	189.7	93.6	13.68	501.0
20.339	0.154	fixation	n/a	170.2	101.4	1168.0	n/a	n/a	n/a	n/a
20.495	0.032	saccade	n/a	169.9	106.2	n/a	141.0	107.3	1.13	222.0
20.529	0.168	fixation	n/a	132.8	108.9	1223.0	n/a	n/a	n/a	n/a
20.699	0.04	saccade	n/a	131.2	108.5	n/a	192.6	104.9	2.41	333.0
20.741	0.202	fixation	n/a	213.4	101.6	1244.0	n/a	n/a	n/a	n/a
20.945	0.034	saccade	n/a	217.0	101.0	n/a	174.4	100.8	1.68	216.0
20.981	0.148	fixation	n/a	167.3	103.4	1249.0	n/a	n/a	n/a	n/a
21.131	0.038	saccade	n/a	164.9	106.9	n/a	221.1	105.5	2.22	297.0
21.171	0.33	fixation	n/a	239.7	105.6	1258.0	n/a	n/a	n/a	n/a
21.503	0.046	saccade	n/a	242.6	106.0	n/a	354.6	102.0	4.49	237.0
21.551	0.176	fixation	n/a	349.8	102.3	1245.0	n/a	n/a	n/a	n/a
21.729	0.018	saccade	n/a	349.3	102.3	n/a	335.8	105.6	0.56	94.0
21.749	0.182	fixation	n/a	339.3	102.5	1186.0	n/a	n/a	n/a	n/a
21.933	0.032	saccade	n/a	339.6	100.8	n/a	376.5	100.9	1.48	230.0
21.967	0.388	fixation	n/a	387.0	102.1	1128.0	n/a	n/a	n/a	n/a
22.25	0.0	trigger_11	11	n/a	n/a	n/a	n/a	n/a	n/a	n/a
22.258	0.0	trigger_10	10	n/a	n/a	n/a	n/a	n/a	n/a	n/a
22.357	0.038	saccade	n/a	390.1	103.1	n/a	453.3	105.6	2.55	278.0
22.397	0.292	fixation	n/a	468.0	108.0	1127.0	n/a	n/a	n/a	n/a
22.691	0.016	saccade	n/a	469.7	111.8	n/a	484.9	112.4	0.61	85.0
22.709	0.078	fixation	n/a	481.0	113.9	1161.0	n/a	n/a	n/a	n/a
22.789	0.068	saccade	n/a	483.1	111.4	n/a	157.6	156.3	13.04	545.0
22.859	0.224	fixation	n/a	142.1	162.7	1246.0	n/a	n/a	n/a	n/a
23.085	0.036	saccade	n/a	143.4	162.2	n/a	206.2	164.8	2.47	324.0
23.123	0.272	fixation	n/a	222.8	164.0	1240.0	n/a	n/a	n/a	n/a
23.397	0.04	saccade	n/a	226.6	163.2	n/a	312.0	161.8	3.41	388.0
23.439	0.232	fixation	n/a	333.2	162.8	1199.0	n/a	n/a	n/a	n/a
23.673	0.036	saccade	n/a	335.4	161.6	n/a	417.3	163.1	3.3	370.0
23.711	0.262	fixation	n/a	432.3	163.3	1170.0	n/a	n/a	n/a	n/a
23.975	0.042	saccade	n/a	433.5	164.9	n/a	508.2	164.9	2.99	312.0
24.019	0.126	fixation	n/a	522.1	166.8	1162.0	n/a	n/a	n/a	n/a
24.147	0.074	saccade	n/a	522.3	164.9	n/a	179.6	92.7	13.91	525.0
24.223	0.248	fixation	n/a	167.3	91.7	1170.0	n/a	n/a	n/a	n/a
24.473	0.028	saccade	n/a	168.0	92.0	n/a	155.2	96.6	0.54	136.0
24.503	0.152	fixation	n/a	147.9	97.1	1177.0	n/a	n/a	n/a	n/a
24.626	0.0	trigger_11	11	n/a	n/a	n/a	n/a	n/a	n/a	n/a
24.646	0.0	trigger_10	10	n/a	n/a	n/a	n/a	n/a	n/a	n/a
24.657	0.03	saccade	n/a	146.5	98.0	n/a	290.3	101.0	5.69	384.0
24.689	0.266	fixation	n/a	292.7	97.2	1140.0	n/a	n/a	n/a	n/a
24.957	0.026	saccade	n/a	298.3	98.7	n/a	403.3	94.3	4.23	322.0
24.985	0.268	fixation	n/a	404.1	97.6	1084.0	n/a	n/a	n/a	n/a
25.255	0.036	saccade	n/a	406.8	100.5	n/a	473.8	107.7	2.71	269.0
25.293	0.22	fixation	n/a	486.2	105.8	1038.0	n/a	n/a	n/a	n/a
25.515	0.034	saccade	n/a	485.5	108.8	n/a	537.2	109.3	2.07	259.0
25.551	0.078	fixation	n/a	548.8	108.4	996.0	n/a	n/a	n/a	n/a
25.631	0.074	saccade	n/a	551.4	108.0	n/a	174.5	146.1	15.01	472.0
25.707	0.17	fixation	n/a	161.6	150.9	1030.0	n/a	n/a	n/a	n/a
25.879	0.02	saccade	n/a	159.9	152.4	n/a	136.3	164.7	1.05	111.0
25.901	0.21	fixation	n/a	141.9	161.2	1060.0	n/a	n/a	n/a	n/a
26.113	0.024	saccade	n/a	142.0	162.8	n/a	224.4	160.1	3.25	245.0
26.139	0.29	fixation	n/a	222.7	161.4	1080.0	n/a	n/a	n/a	n/a
26.431	0.054	saccade	n/a	223.8	160.1	n/a	366.7	97.8	6.25	367.0
26.487	0.378	fixation	n/a	377.5	97.9	1016.0	n/a	n/a	n/a	n/a
26.867	0.03	saccade	n/a	378.4	99.4	n/a	234.3	103.7	5.78	356.0
26.899	0.082	fixation	n/a	237.9	98.7	1041.0	n/a	n/a	n/a	n/a
26.983	0.042	saccade	n/a	237.7	101.1	n/a	166.6	98.2	2.81	356.0
27.027	0.182	fixation	n/a	150.2	100.6	1051.0	n/a	n/a	n/a	n/a
27.211	0.03	saccade	n/a	150.2	100.7	n/a	134.4	146.2	1.93	225.0
27.243	0.192	fixation	n/a	130.3	148.7	1070.0	n/a	n/a	n/a	n/a
27.437	0.032	saccade	n/a	131.3	151.9	n/a	216.1	161.1	3.35	163.0
27.471	0.246	fixation	n/a	217.6	161.1	1082.0	n/a	n/a	n/a	n/a
27.719	0.034	saccade	n/a	216.2	161.2	n/a	308.6	162.5	3.69	346.0
27.755	0.194	fixation	n/a	321.1	160.0	1084.0	n/a	n/a	n/a	n/a
27.951	0.036	saccade	n/a	322.2	159.0	n/a	373.2	158.3	2.05	278.0
27.989	0.108	fixation	n/a	385.9	157.7	1050.0	n/a	n/a	n/a	n/a
28.018	0.0	trigger_11	11	n/a	n/a	n/a	n/a	n/a	n/a	n/a
28.032	0.0	trigger_10	10	n/a	n/a	n/a	n/a	n/a	n/a	n/a
28.099	0.034	saccade	n/a	386.2	159.5	n/a	445.6	164.9	2.4	277.0
28.135	0.134	fixation	n/a	457.9	163.8	1041.0	n/a	n/a	n/a	n/a
28.271	0.034	saccade	n/a	459.1	166.0	n/a	496.2	168.4	1.49	236.0
28.307	0.072	fixation	n/a	504.9	168.8	1063.0	n/a	n/a	n/a	n/a
28.381	0.068	saccade	n/a	504.5	168.8	n/a	158.9	206.6	13.75	558.0
28.451	0.214	fixation	n/a	146.9	207.9	1146.0	n/a	n/a	n/a	n/a
28.667	0.036	saccade	n/a	151.6	209.2	n/a	204.2	208.4	2.07	330.0
28.705	0.144	fixation	n/a	218.1	213.4	1190.0	n/a	n/a	n/a	n/a
28.851	0.06	saccade	n/a	215.2	215.5	n/a	390.2	211.4	6.97	444.0
28.913	0.178	fixation	n/a	388.8	210.6	1247.0	n/a	n/a	n/a	n/a
29.093	0.028	saccade	n/a	389.8	207.5	n/a	315.0	214.2	3.01	258.0
29.123	0.278	fixation	n/a	324.5	215.8	1262.0	n/a	n/a	n/a	n/a
29.403	0.036	saccade	n/a	326.6	216.9	n/a	387.6	217.1	2.44	324.0
29.441	0.174	fixation	n/a	403.0	215.6	1214.0	n/a	n/a	n/a	n/a
29.617	0.036	saccade	n/a	400.9	213.1	n/a	470.3	215.1	2.78	341.0
29.655	0.216	fixation	n/a	476.9	211.6	1222.0	n/a	n/a	n/a	n/a
29.873	0.036	saccade	n/a	475.6	211.7	n/a	537.0	215.2	2.46	263.0
29.911	0.292	fixation	n/a	549.5	213.7	1279.0	n/a	n/a	n/a	n/a
30.205	0.108	saccade	n/a	555.7	213.1	n/a	157.1	117.1	16.2	532.0
30.315	0.152	fixation	n/a	167.1	120.6	1319.0	n/a	n/a	n/a	n/a
30.469	0.022	saccade	n/a	169.3	120.2	n/a	131.6	145.1	1.78	152.0
30.493	0.254	fixation	n/a	138.2	145.5	1321.0	n/a	n/a	n/a	n/a
30.749	0.038	saccade	n/a	137.5	146.0	n/a	227.7	154.3	3.56	346.0
30.789	0.196	fixation	n/a	243.3	159.3	1318.0	n/a	n/a	n/a	n/a
30.987	0.038	saccade	n/a	247.1	160.4	n/a	334.5	158.8	3.5	378.0
31.027	0.194	fixation	n/a	353.1	162.1	1282.0	n/a	n/a	n/a	n/a
31.223	0.04	saccade	n/a	355.2	163.8	n/a	184.1	212.5	7.07	374.0
31.265	0.212	fixation	n/a	191.6	218.8	1257.0	n/a	n/a	n/a	n/a
31.479	0.06	saccade	n/a	190.1	219.5	n/a	390.1	222.8	7.95	421.0
31.541	0.166	fixation	n/a	394.0	225.2	1215.0	n/a	n/a	n/a	n/a
31.709	0.032	saccade	n/a	394.1	225.9	n/a	356.6	221.2	1.52	192.0
31.743	0.118	fixation	n/a	351.9	223.7	1212.0	n/a	n/a	n/a	n/a
31.863	0.048	saccade	n/a	351.5	225.2	n/a	484.6	220.7	5.34	360.0
31.913	0.18	fixation	n/a	502.9	223.0	1190.0	n/a	n/a	n/a	n/a
32.095	0.036	saccade	n/a	505.4	223.8	n/a	560.1	231.5	2.2	261.0
32.133	0.126	fixation	n/a	573.9	230.0	1178.0	n/a	n/a	n/a	n/a
32.261	0.06	saccade	n/a	576.8	229.4	n/a	176.6	264.6	15.79	505.0
32.323	0.19	fixation	n/a	180.0	265.4	1211.0	n/a	n/a	n/a	n/a
32.515	0.03	saccade	n/a	178.6	264.7	n/a	209.0	266.1	1.19	213.0
32.547	0.154	fixation	n/a	222.4	266.6	1223.0	n/a	n/a	n/a	n/a
32.703	0.04	saccade	n/a	225.2	267.6	n/a	313.9	268.1	3.52	360.0
32.745	0.204	fixation	n/a	332.8	272.3	1216.0	n/a	n/a	n/a	n/a
32.951	0.042	saccade	n/a	332.7	272.3	n/a	467.1	271.5	5.38	350.0
32.995	0.154	fixation	n/a	467.6	276.0	1168.0	n/a	n/a	n/a	n/a
33.092	0.0	trigger_11	11	n/a	n/a	n/a	n/a	n/a	n/a	n/a
33.106	0.0	trigger_10	10	n/a	n/a	n/a	n/a	n/a	n/a	n/a
33.151	0.018	saccade	n/a	466.1	277.6	n/a	454.8	276.8	0.45	68.0
33.171	0.114	fixation	n/a	457.6	276.8	1137.0	n/a	n/a	n/a	n/a
33.287	0.032	saccade	n/a	456.5	277.0	n/a	519.3	282.2	2.51	258.0
33.321	0.052	fixation	n/a	522.4	281.7	1100.0	n/a	n/a	n/a	n/a
33.375	0.078	saccade	n/a	524.6	283.7	n/a	221.0	106.5	14.01	535.0
33.455	0.214	fixation	n/a	222.5	113.4	1105.0	n/a	n/a	n/a	n/a
33.671	0.03	saccade	n/a	221.4	114.0	n/a	252.3	107.0	1.26	226.0
33.703	0.112	fixation	n/a	258.7	103.0	1159.0	n/a	n/a	n/a	n/a
33.817	0.042	saccade	n/a	259.1	103.5	n/a	172.1	97.2	3.45	364.0
33.861	0.25	fixation	n/a	159.5	101.6	1223.0	n/a	n/a	n/a	n/a
34.113	0.036	saccade	n/a	159.3	102.0	n/a	252.6	103.6	3.69	387.0
34.151	0.182	fixation	n/a	267.5	103.8	1238.0	n/a	n/a	n/a	n/a
34.335	0.044	saccade	n/a	268.6	104.3	n/a	365.5	105.1	3.89	392.0
34.381	0.276	fixation	n/a	389.2	104.4	1247.0	n/a	n/a	n/a	n/a
34.659	0.036	saccade	n/a	388.2	104.6	n/a	444.8	106.8	2.28	273.0
34.697	0.35	fixation	n/a	456.8	109.3	1222.0	n/a	n/a	n/a	n/a
35.049	0.032	saccade	n/a	457.8	110.9	n/a	485.3	117.5	1.14	204.0
35.083	0.204	fixation	n/a	494.7	116.2	1206.0	n/a	n/a	n/a	n/a
35.289	0.064	saccade	n/a	496.8	116.1	n/a	196.2	111.1	11.98	508.0
35.355	0.168	fixation	n/a	177.3	113.4	1216.0	n/a	n/a	n/a	n/a
35.525	0.03	saccade	n/a	176.8	113.1	n/a	154.8	110.0	0.87	153.0
35.557	0.216	fixation	n/a	147.6	106.1	1162.0	n/a	n/a	n/a	n/a
35.775	0.014	saccade	n/a	145.9	103.5	n/a	123.1	102.8	0.89	77.0
35.791	0.146	fixation	n/a	132.4	102.3	1125.0	n/a	n/a	n/a	n/a
35.939	0.032	saccade	n/a	131.4	102.2	n/a	169.4	98.2	1.49	234.0
35.973	0.218	fixation	n/a	180.9	97.4	1091.0	n/a	n/a	n/a	n/a
36.193	0.036	saccade	n/a	183.0	98.2	n/a	236.9	101.5	2.14	269.0
36.231	0.156	fixation	n/a	253.6	100.3	1035.0	n/a	n/a	n/a	n/a
36.244	0.0	trigger_11	11	n/a	n/a	n/a	n/a	n/a	n/a	n/a
36.254	0.0	trigger_12	12	n/a	n/a	n/a	n/a	n/a	n/a	n/a
36.389	0.032	saccade	n/a	254.8	99.7	n/a	298.7	99.2	1.76	228.0
36.423	0.166	fixation	n/a	306.6	96.2	970.0	n/a	n/a	n/a	n/a
36.591	0.022	saccade	n/a	308.6	94.9	n/a	393.2	96.0	3.4	282.0
36.615	0.248	fixation	n/a	383.7	93.3	916.0	n/a	n/a	n/a	n/a
36.865	0.034	saccade	n/a	385.4	90.5	n/a	434.9	94.8	2.0	203.0
36.901	0.318	fixation	n/a	443.3	94.6	872.0	n/a	n/a	n/a	n/a
37.221	0.028	saccade	n/a	443.8	96.0	n/a	518.3	100.5	3.0	210.0
37.251	0.03	fixation	n/a	507.3	99.9	868.0	n/a	n/a	n/a	n/a
37.283	0.03	saccade	n/a	511.2	100.0	n/a	537.5	102.7	1.06	190.0
37.315	0.212	fixation	n/a	545.0	105.0	897.0	n/a	n/a	n/a	n/a
37.529	0.08	saccade	n/a	546.2	106.7	n/a	151.7	147.7	15.65	474.0
37.611	0.282	fixation	n/a	137.2	151.7	1023.0	n/a	n/a	n/a	n/a
37.895	0.038	saccade	n/a	136.1	151.1	n/a	229.5	159.1	3.68	362.0
37.935	0.216	fixation	n/a	246.5	157.3	1040.0	n/a	n/a	n/a	n/a
38.153	0.022	saccade	n/a	248.7	157.0	n/a	257.3	88.8	2.79	214.0
38.177	0.28	fixation	n/a	261.6	100.4	1035.0	n/a	n/a	n/a	n/a
38.459	0.042	saccade	n/a	262.0	103.5	n/a	170.4	94.1	3.65	350.0
38.503	0.264	fixation	n/a	155.7	98.6	1078.0	n/a	n/a	n/a	n/a
38.769	0.032	saccade	n/a	154.7	99.1	n/a	208.0	95.7	2.1	248.0
38.803	0.218	fixation	n/a	216.4	93.9	1046.0	n/a	n/a	n/a	n/a
39.023	0.036	saccade	n/a	216.3	92.9	n/a	260.7	94.6	1.77	268.0
39.061	0.098	fixation	n/a	272.0	94.4	1041.0	n/a	n/a	n/a	n/a
39.161	0.034	saccade	n/a	274.2	94.3	n/a	251.2	94.2	0.92	182.0
39.197	0.13	fixation	n/a	241.8	92.5	1035.0	n/a	n/a	n/a	n/a
39.329	0.022	saccade	n/a	241.7	93.0	n/a	285.0	90.9	1.73	187.0
39.353	0.13	fixation	n/a	280.8	89.5	1004.0	n/a	n/a	n/a	n/a
39.485	0.102	saccade	n/a	281.9	90.1	n/a	420.7	538.8	18.32	437.0
39.589	0.146	fixation	n/a	421.5	552.2	1054.0	n/a	n/a	n/a	n/a
39.737	0.02	saccade	n/a	422.0	553.2	n/a	418.1	536.0	0.66	99.0
39.759	0.046	fixation	n/a	419.0	544.8	1046.0	n/a	n/a	n/a	n/a
39.807	0.2	saccade	n/a	420.1	551.0	n/a	276.9	60.3	19.87	533.0
39.829	0.154	blink	n/a	n/a	n/a	n/a	n/a	n/a	n/a	n/a
40.009	0.176	fixation	n/a	280.5	57.9	795.0	n/a	n/a	n/a	n/a
40.187	0.01	saccade	n/a	283.2	59.2	n/a	280.6	73.8	0.6	64.0
40.199	0.146	fixation	n/a	284.2	73.6	786.0	n/a	n/a	n/a	n/a
40.347	0.038	saccade	n/a	283.0	76.8	n/a	346.2	75.9	2.53	292.0
40.387	0.14	fixation	n/a	361.8	81.8	838.0	n/a	n/a	n/a	n/a
40.484	0.0	trigger_13	13	n/a	n/a	n/a	n/a	n/a	n/a	n/a
40.494	0.0	trigger_10	10	n/a	n/a	n/a	n/a	n/a	n/a	n/a
40.529	0.1	saccade	n/a	361.9	94.6	n/a	369.0	82.1	0.59	942.0
40.555	0.04	blink	n/a	n/a	n/a	n/a	n/a	n/a	n/a	n/a
40.631	0.13	fixation	n/a	372.3	75.0	828.0	n/a	n/a	n/a	n/a
40.763	0.056	saccade	n/a	375.1	69.8	n/a	183.5	80.2	7.65	397.0
40.821	0.3	fixation	n/a	173.3	80.1	845.0	n/a	n/a	n/a	n/a
41.123	0.038	saccade	n/a	172.8	81.0	n/a	306.8	84.6	5.33	373.0
41.163	0.19	fixation	n/a	310.5	90.8	886.0	n/a	n/a	n/a	n/a
41.355	0.036	saccade	n/a	311.1	92.4	n/a	374.0	92.2	2.53	329.0
41.393	0.184	fixation	n/a	390.5	93.5	925.0	n/a	n/a	n/a	n/a
41.579	0.034	saccade	n/a	391.2	94.3	n/a	434.3	93.4	1.74	228.0
41.615	0.174	fixation	n/a	443.0	94.6	959.0	n/a	n/a	n/a	n/a
41.791	0.024	saccade	n/a	443.6	96.9	n/a	508.9	103.4	2.64	214.0
41.817	0.126	fixation	n/a	499.6	103.5	990.0	n/a	n/a	n/a	n/a
41.945	0.038	saccade	n/a	502.8	102.0	n/a	556.3	111.0	2.17	274.0
41.985	0.104	fixation	n/a	570.6	110.4	1007.0	n/a	n/a	n/a	n/a
42.091	0.072	saccade	n/a	571.6	111.0	n/a	172.5	146.2	15.81	549.0
42.165	0.12	fixation	n/a	155.0	151.6	1073.0	n/a	n/a	n/a	n/a
42.287	0.032	saccade	n/a	154.3	151.4	n/a	131.8	157.5	0.91	197.0
42.321	0.1	fixation	n/a	122.0	159.6	1091.0	n/a	n/a	n/a	n/a
42.423	0.054	saccade	n/a	121.7	160.9	n/a	267.2	109.5	6.09	417.0
42.479	0.212	fixation	n/a	283.7	105.8	1105.0	n/a	n/a	n/a	n/a
42.693	0.038	saccade	n/a	285.1	107.9	n/a	179.2	99.8	4.22	301.0
42.733	0.128	fixation	n/a	174.1	99.7	1129.0	n/a	n/a	n/a	n/a
42.863	0.028	saccade	n/a	171.2	98.5	n/a	159.1	101.2	0.49	134.0
42.893	0.25	fixation	n/a	150.6	96.9	1137.0	n/a	n/a	n/a	n/a
43.145	0.062	saccade	n/a	147.9	100.8	n/a	364.0	100.0	8.58	401.0
43.209	0.232	fixation	n/a	377.7	96.3	1097.0	n/a	n/a	n/a	n/a
43.443	0.038	saccade	n/a	381.3	95.1	n/a	456.6	103.1	3.05	298.0
43.476	0.0	trigger_11	11	n/a	n/a	n/a	n/a	n/a	n/a	n/a
43.483	0.228	fixation	n/a	470.7	106.4	1046.0	n/a	n/a	n/a	n/a
43.492	0.0	trigger_10	10	n/a	n/a	n/a	n/a	n/a	n/a	n/a
43.713	0.036	saccade	n/a	471.9	108.3	n/a	542.6	113.8	2.84	273.0
43.751	0.18	fixation	n/a	553.2	110.2	1027.0	n/a	n/a	n/a	n/a
43.933	0.058	saccade	n/a	556.8	110.1	n/a	176.0	150.5	15.17	492.0
43.993	0.14	fixation	n/a	179.6	153.5	1078.0	n/a	n/a	n/a	n/a
44.135	0.03	saccade	n/a	179.3	165.4	n/a	130.5	163.4	1.91	227.0
44.167	0.134	fixation	n/a	126.6	160.2	1084.0	n/a	n/a	n/a	n/a
44.303	0.198	saccade	n/a	128.2	165.2	n/a	235.0	171.3	4.2	784.0
44.335	0.128	blink	n/a	n/a	n/a	n/a	n/a	n/a	n/a	n/a
44.503	0.072	fixation	n/a	232.9	160.5	1079.0	n/a	n/a	n/a	n/a
44.577	0.038	saccade	n/a	232.8	161.1	n/a	316.2	163.7	3.33	335.0
44.617	0.098	fixation	n/a	327.8	164.2	1068.0	n/a	n/a	n/a	n/a
44.717	0.036	saccade	n/a	329.3	164.1	n/a	412.5	163.0	3.35	375.0
44.755	0.148	fixation	n/a	425.3	163.9	1051.0	n/a	n/a	n/a	n/a
44.905	0.016	saccade	n/a	424.1	165.1	n/a	414.5	160.3	0.43	76.0
44.923	0.222	fixation	n/a	417.3	160.8	995.0	n/a	n/a	n/a	n/a
45.147	0.036	saccade	n/a	417.5	160.5	n/a	487.7	164.6	2.83	303.0
45.185	0.23	fixation	n/a	498.8	164.9	912.0	n/a	n/a	n/a	n/a
45.417	0.06	saccade	n/a	500.4	162.1	n/a	254.8	113.2	10.0	461.0
45.479	0.214	fixation	n/a	244.9	116.7	950.0	n/a	n/a	n/a	n/a
45.695	0.034	saccade	n/a	243.4	120.7	n/a	172.4	92.7	3.03	281.0
45.731	0.216	fixation	n/a	170.0	92.0	1007.0	n/a	n/a	n/a	n/a
45.949	0.028	saccade	n/a	168.4	94.7	n/a	154.2	93.6	0.56	142.0
45.979	0.046	fixation	n/a	147.6	91.9	1009.0	n/a	n/a	n/a	n/a
46.027	0.042	saccade	n/a	145.0	91.6	n/a	237.3	92.9	3.64	366.0
46.071	0.174	fixation	n/a	255.4	96.9	1003.0	n/a	n/a	n/a	n/a
46.247	0.042	saccade	n/a	251.1	99.2	n/a	338.8	101.6	3.51	238.0
46.291	0.154	fixation	n/a	334.1	99.4	1000.0	n/a	n/a	n/a	n/a
46.447	0.038	saccade	n/a	334.8	99.3	n/a	393.1	102.7	2.35	269.0
46.487	0.15	fixation	n/a	405.4	100.5	952.0	n/a	n/a	n/a	n/a
46.639	0.036	saccade	n/a	407.2	97.6	n/a	468.2	99.5	2.46	252.0
46.677	0.124	fixation	n/a	477.4	96.2	904.0	n/a	n/a	n/a	n/a
46.803	0.156	saccade	n/a	477.1	103.8	n/a	538.8	93.1	2.51	1014.0
46.833	0.09	blink	n/a	n/a	n/a	n/a	n/a	n/a	n/a	n/a
46.961	0.114	fixation	n/a	534.9	88.3	870.0	n/a	n/a	n/a	n/a
47.077	0.072	saccade	n/a	536.4	87.0	n/a	156.1	139.0	15.18	516.0
47.151	0.188	fixation	n/a	147.6	139.7	939.0	n/a	n/a	n/a	n/a
47.341	0.03	saccade	n/a	147.7	139.7	n/a	190.8	146.3	1.71	224.0
47.373	0.166	fixation	n/a	199.7	145.5	954.0	n/a	n/a	n/a	n/a
47.541	0.032	saccade	n/a	200.2	146.4	n/a	245.1	147.2	1.78	232.0
47.575	0.288	fixation	n/a	256.0	149.6	980.0	n/a	n/a	n/a	n/a
47.604	0.0	trigger_11	11	n/a	n/a	n/a	n/a	n/a	n/a	n/a
47.612	0.0	trigger_10	10	n/a	n/a	n/a	n/a	n/a	n/a	n/a
47.865	0.026	saccade	n/a	257.3	147.9	n/a	352.5	149.9	3.81	283.0
47.893	0.268	fixation	n/a	348.3	152.5	997.0	n/a	n/a	n/a	n/a
48.163	0.028	saccade	n/a	348.6	154.0	n/a	459.7	156.3	4.46	317.0
48.193	0.232	fixation	n/a	453.7	158.6	1010.0	n/a	n/a	n/a	n/a
48.427	0.036	saccade	n/a	451.7	158.7	n/a	516.8	160.3	2.61	268.0
48.465	0.184	fixation	n/a	525.8	161.1	1019.0	n/a	n/a	n/a	n/a
48.651	0.062	saccade	n/a	527.8	161.1	n/a	254.5	202.6	11.04	512.0
48.652	0.0	trigger_11	11	n/a	n/a	n/a	n/a	n/a	n/a	n/a
48.666	0.0	trigger_10	10	n/a	n/a	n/a	n/a	n/a	n/a	n/a
48.715	0.178	fixation	n/a	237.1	205.6	1084.0	n/a	n/a	n/a	n/a
48.895	0.04	saccade	n/a	236.4	205.7	n/a	144.7	213.8	3.62	335.0
48.937	0.274	fixation	n/a	130.1	214.7	1081.0	n/a	n/a	n/a	n/a
49.213	0.084	saccade	n/a	131.0	227.3	n/a	225.9	120.0	5.7	234.0
49.299	0.172	fixation	n/a	238.1	117.2	1013.0	n/a	n/a	n/a	n/a
49.473	0.024	saccade	n/a	239.5	117.2	n/a	255.7	84.8	1.47	138.0
49.499	0.314	fixation	n/a	255.2	94.1	1006.0	n/a	n/a	n/a	n/a
49.815	0.044	saccade	n/a	255.6	98.3	n/a	160.6	89.8	3.77	363.0
49.861	0.184	fixation	n/a	146.9	94.0	1051.0	n/a	n/a	n/a	n/a
50.047	0.036	saccade	n/a	146.8	94.4	n/a	234.8	94.6	3.47	308.0
50.085	0.176	fixation	n/a	244.3	90.9	1020.0	n/a	n/a	n/a	n/a
50.263	0.056	saccade	n/a	244.3	87.7	n/a	352.8	91.6	4.35	252.0
50.321	0.274	fixation	n/a	360.1	88.0	996.0	n/a	n/a	n/a	n/a
50.597	0.042	saccade	n/a	359.9	87.9	n/a	466.9	97.1	4.32	300.0
50.641	0.202	fixation	n/a	476.0	100.1	977.0	n/a	n/a	n/a	n/a
50.652	0.0	trigger_11	11	n/a	n/a	n/a	n/a	n/a	n/a	n/a
50.66	0.0	trigger_12	12	n/a	n/a	n/a	n/a	n/a	n/a	n/a
50.845	0.222	saccade	n/a	469.4	105.9	n/a	158.0	115.3	12.36	905.0
50.873	0.166	blink	n/a	n/a	n/a	n/a	n/a	n/a	n/a	n/a
51.069	0.158	fixation	n/a	158.8	113.1	1094.0	n/a	n/a	n/a	n/a
51.229	0.014	saccade	n/a	157.8	114.0	n/a	155.1	104.4	0.4	64.0
51.245	0.194	fixation	n/a	159.3	107.6	1139.0	n/a	n/a	n/a	n/a
51.441	0.038	saccade	n/a	159.8	106.5	n/a	244.7	105.6	3.36	373.0
51.481	0.22	fixation	n/a	266.8	101.3	1115.0	n/a	n/a	n/a	n/a
51.703	0.034	saccade	n/a	271.2	98.8	n/a	361.4	110.1	3.65	373.0
51.739	0.162	fixation	n/a	374.4	108.4	1044.0	n/a	n/a	n/a	n/a
51.903	0.062	saccade	n/a	369.9	112.3	n/a	597.3	120.2	9.08	436.0
51.967	0.148	fixation	n/a	612.5	122.3	962.0	n/a	n/a	n/a	n/a
52.117	0.068	saccade	n/a	613.2	124.4	n/a	130.9	168.4	18.96	534.0
52.187	0.206	fixation	n/a	138.1	166.9	1007.0	n/a	n/a	n/a	n/a
52.395	0.032	saccade	n/a	138.4	168.1	n/a	186.7	170.5	1.89	269.0
52.429	0.412	fixation	n/a	198.5	169.0	1089.0	n/a	n/a	n/a	n/a
52.588	0.0	trigger_13	13	n/a	n/a	n/a	n/a	n/a	n/a	n/a
52.604	0.0	trigger_10	10	n/a	n/a	n/a	n/a	n/a	n/a	n/a
52.843	0.03	saccade	n/a	195.0	170.7	n/a	171.0	114.4	2.46	235.0
52.875	0.222	fixation	n/a	163.5	119.0	1171.0	n/a	n/a	n/a	n/a
53.099	0.068	saccade	n/a	164.3	117.8	n/a	229.6	116.8	2.58	197.0
53.169	0.228	fixation	n/a	238.9	114.1	1124.0	n/a	n/a	n/a	n/a
53.399	0.034	saccade	n/a	240.5	114.6	n/a	293.5	114.2	2.12	260.0
53.435	0.076	fixation	n/a	304.2	116.1	1098.0	n/a	n/a	n/a	n/a
53.513	0.066	saccade	n/a	311.9	116.6	n/a	351.4	124.7	1.62	193.0
53.581	0.106	fixation	n/a	355.7	118.8	1055.0	n/a	n/a	n/a	n/a
53.689	0.138	saccade	n/a	355.8	125.0	n/a	419.7	139.4	2.64	900.0
53.713	0.072	blink	n/a	n/a	n/a	n/a	n/a	n/a	n/a	n/a
53.829	0.204	fixation	n/a	409.6	118.7	1032.0	n/a	n/a	n/a	n/a
54.035	0.022	saccade	n/a	408.1	117.4	n/a	466.7	124.5	2.38	196.0
54.059	0.162	fixation	n/a	456.7	122.7	1045.0	n/a	n/a	n/a	n/a
54.223	0.034	saccade	n/a	458.7	123.9	n/a	499.2	124.2	1.63	217.0
54.259	0.174	fixation	n/a	508.6	123.6	1028.0	n/a	n/a	n/a	n/a
54.435	0.064	saccade	n/a	510.1	123.2	n/a	248.0	112.6	10.47	460.0
54.501	0.32	fixation	n/a	236.2	113.2	1055.0	n/a	n/a	n/a	n/a
54.823	0.032	saccade	n/a	238.0	112.5	n/a	208.1	119.1	1.22	187.0
54.857	0.184	fixation	n/a	200.9	118.2	1101.0	n/a	n/a	n/a	n/a
55.043	0.046	saccade	n/a	199.1	117.2	n/a	321.0	116.8	4.86	350.0
55.091	0.224	fixation	n/a	340.7	118.0	1066.0	n/a	n/a	n/a	n/a
55.317	0.034	saccade	n/a	342.6	120.1	n/a	434.3	119.4	3.69	330.0
55.353	0.208	fixation	n/a	449.3	119.0	1000.0	n/a	n/a	n/a	n/a
55.563	0.038	saccade	n/a	451.3	123.0	n/a	512.5	126.2	2.46	268.0
55.603	0.092	fixation	n/a	526.0	126.5	960.0	n/a	n/a	n/a	n/a
55.697	0.034	saccade	n/a	526.3	130.5	n/a	558.1	127.6	1.27	235.0
55.733	0.06	fixation	n/a	570.2	128.8	949.0	n/a	n/a	n/a	n/a
55.795	0.074	saccade	n/a	571.1	129.1	n/a	178.1	174.7	15.64	499.0
55.871	0.188	fixation	n/a	165.4	179.5	1000.0	n/a	n/a	n/a	n/a
56.061	0.03	saccade	n/a	164.3	180.0	n/a	194.5	177.7	1.19	202.0
56.093	0.132	fixation	n/a	203.4	179.6	1024.0	n/a	n/a	n/a	n/a
56.227	0.046	saccade	n/a	206.5	187.0	n/a	315.9	174.9	4.39	259.0
56.275	0.206	fixation	n/a	306.7	172.5	1061.0	n/a	n/a	n/a	n/a
56.483	0.042	saccade	n/a	305.3	170.7	n/a	393.6	173.3	3.55	342.0
56.527	0.26	fixation	n/a	410.8	173.9	1054.0	n/a	n/a	n/a	n/a
56.789	0.03	saccade	n/a	412.2	172.7	n/a	441.2	173.2	1.17	192.0
56.821	0.144	fixation	n/a	448.2	173.5	1011.0	n/a	n/a	n/a	n/a
56.967	0.038	saccade	n/a	448.8	173.0	n/a	521.3	179.1	2.92	312.0
57.007	0.142	fixation	n/a	536.6	177.0	996.0	n/a	n/a	n/a	n/a
57.151	0.068	saccade	n/a	540.4	176.6	n/a	235.2	217.2	12.25	462.0
57.221	0.262	fixation	n/a	221.4	218.4	1038.0	n/a	n/a	n/a	n/a
57.485	0.02	saccade	n/a	222.4	218.7	n/a	196.2	223.0	1.05	105.0
57.507	0.102	fixation	n/a	204.7	223.2	1047.0	n/a	n/a	n/a	n/a
57.611	0.042	saccade	n/a	204.7	223.9	n/a	307.9	223.3	4.1	371.0
57.655	0.218	fixation	n/a	327.5	224.6	1044.0	n/a	n/a	n/a	n/a
57.875	0.042	saccade	n/a	327.8	226.7	n/a	542.1	228.6	8.54	406.0
57.919	0.302	fixation	n/a	549.5	230.5	1016.0	n/a	n/a	n/a	n/a
58.223	0.06	saccade	n/a	554.7	230.2	n/a	178.3	288.2	15.0	466.0
58.285	0.178	fixation	n/a	185.8	283.2	1006.0	n/a	n/a	n/a	n/a
58.465	0.034	saccade	n/a	187.4	283.6	n/a	150.2	281.5	1.45	249.0
58.501	0.168	fixation	n/a	140.1	282.8	1039.0	n/a	n/a	n/a	n/a
58.671	0.038	saccade	n/a	139.9	282.8	n/a	251.1	283.4	4.35	384.0
58.711	0.19	fixation	n/a	266.9	278.8	1064.0	n/a	n/a	n/a	n/a
58.903	0.04	saccade	n/a	269.5	279.2	n/a	358.4	279.4	3.54	377.0
58.945	0.172	fixation	n/a	376.9	280.6	1050.0	n/a	n/a	n/a	n/a
59.119	0.048	saccade	n/a	376.4	281.5	n/a	562.9	282.8	7.42	405.0
59.169	0.252	fixation	n/a	573.5	281.4	1023.0	n/a	n/a	n/a	n/a
59.423	0.076	saccade	n/a	579.0	278.0	n/a	157.4	319.6	16.55	539.0
59.501	0.174	fixation	n/a	140.9	317.5	1068.0	n/a	n/a	n/a	n/a
59.677	0.02	saccade	n/a	137.3	316.6	n/a	205.0	327.9	2.67	234.0
59.699	0.162	fixation	n/a	194.3	326.3	1115.0	n/a	n/a	n/a	n/a
59.863	0.038	saccade	n/a	192.0	327.9	n/a	251.5	322.3	2.34	353.0
59.903	0.19	fixation	n/a	271.5	322.4	1177.0	n/a	n/a	n/a	n/a
60.095	0.028	saccade	n/a	275.4	324.0	n/a	305.5	326.0	1.19	163.0
60.125	0.144	fixation	n/a	315.2	326.9	1190.0	n/a	n/a	n/a	n/a
60.271	0.036	saccade	n/a	321.1	328.3	n/a	389.6	329.1	2.72	341.0
60.309	0.226	fixation	n/a	409.3	328.2	1186.0	n/a	n/a	n/a	n/a
60.537	0.032	saccade	n/a	409.6	326.3	n/a	434.5	326.8	0.99	193.0
60.571	0.174	fixation	n/a	443.0	328.5	1197.0	n/a	n/a	n/a	n/a
60.747	0.03	saccade	n/a	445.6	327.1	n/a	481.0	324.2	1.41	221.0
60.779	0.202	fixation	n/a	485.1	322.8	1202.0	n/a	n/a	n/a	n/a
60.983	0.034	saccade	n/a	483.8	322.7	n/a	436.0	324.1	1.9	268.0
61.019	0.28	fixation	n/a	433.4	322.3	1206.0	n/a	n/a	n/a	n/a
61.301	0.036	saccade	n/a	439.3	325.3	n/a	484.4	330.5	1.81	283.0
61.339	0.074	fixation	n/a	495.3	333.5	1173.0	n/a	n/a	n/a	n/a
61.415	0.066	saccade	n/a	496.9	333.9	n/a	175.7	390.0	12.74	554.0
61.483	0.158	fixation	n/a	160.7	392.2	1234.0	n/a	n/a	n/a	n/a
61.643	0.018	saccade	n/a	159.2	391.3	n/a	137.5	392.7	0.83	97.0
61.663	0.246	fixation	n/a	144.9	394.1	1268.0	n/a	n/a	n/a	n/a
61.911	0.052	saccade	n/a	149.2	396.8	n/a	268.7	337.9	5.18	350.0
61.965	0.156	fixation	n/a	282.4	334.1	1254.0	n/a	n/a	n/a	n/a
62.123	0.04	saccade	n/a	286.9	333.4	n/a	213.0	337.6	2.91	295.0
62.165	0.23	fixation	n/a	207.9	341.8	1270.0	n/a	n/a	n/a	n/a
62.397	0.04	saccade	n/a	211.9	341.8	n/a	286.8	334.2	2.96	361.0
62.439	0.138	fixation	n/a	303.4	334.8	1271.0	n/a	n/a	n/a	n/a
62.579	0.012	saccade	n/a	306.7	336.4	n/a	328.2	335.0	0.85	78.0
62.593	0.14	fixation	n/a	330.0	334.2	1259.0	n/a	n/a	n/a	n/a
62.735	0.04	saccade	n/a	329.0	331.7	n/a	403.9	331.5	2.98	303.0
62.777	0.224	fixation	n/a	421.4	332.3	1201.0	n/a	n/a	n/a	n/a
63.003	0.114	saccade	n/a	424.4	334.2	n/a	151.6	385.9	10.87	470.0
63.119	0.192	fixation	n/a	143.0	388.7	1110.0	n/a	n/a	n/a	n/a
63.313	0.01	saccade	n/a	146.2	389.6	n/a	166.0	394.3	0.78	85.0
63.325	0.164	fixation	n/a	162.3	394.5	1069.0	n/a	n/a	n/a	n/a
63.491	0.014	saccade	n/a	163.2	398.2	n/a	188.0	396.9	0.96	78.0
63.507	0.258	fixation	n/a	193.7	396.7	1044.0	n/a	n/a	n/a	n/a
63.767	0.042	saccade	n/a	196.1	396.6	n/a	330.1	391.9	5.24	380.0
63.811	0.15	fixation	n/a	332.3	396.9	977.0	n/a	n/a	n/a	n/a
63.963	0.022	saccade	n/a	335.1	395.8	n/a	297.9	395.1	1.46	139.0
63.987	0.024	fixation	n/a	308.8	395.6	945.0	n/a	n/a	n/a	n/a
64.013	0.04	saccade	n/a	308.3	396.0	n/a	404.3	394.5	3.79	358.0
64.055	0.23	fixation	n/a	420.9	394.1	920.0	n/a	n/a	n/a	n/a
64.287	0.024	saccade	n/a	421.9	393.9	n/a	537.8	396.4	4.56	320.0
64.313	0.558	fixation	n/a	555.8	395.6	949.0	n/a	n/a	n/a	n/a
64.726	0.0	trigger_11	11	n/a	n/a	n/a	n/a	n/a	n/a	n/a
64.736	0.0	trigger_10	10	n/a	n/a	n/a	n/a	n/a	n/a	n/a
64.873	0.066	saccade	n/a	560.7	395.7	n/a	374.4	166.7	11.76	451.0
64.941	0.552	fixation	n/a	378.5	162.6	995.0	n/a	n/a	n/a	n/a
65.495	0.024	saccade	n/a	376.9	163.1	n/a	375.2	128.3	1.42	132.0
65.521	0.12	fixation	n/a	370.3	129.7	1069.0	n/a	n/a	n/a	n/a
65.643	0.082	saccade	n/a	370.4	132.5	n/a	421.1	571.7	17.14	458.0
65.727	0.122	fixation	n/a	430.1	586.7	1155.0	n/a	n/a	n/a	n/a
65.851	0.032	saccade	n/a	432.4	585.6	n/a	435.0	553.0	1.21	188.0
65.885	0.202	fixation	n/a	434.7	549.0	1129.0	n/a	n/a	n/a	n/a
66.089	0.068	saccade	n/a	437.5	551.0	n/a	314.4	188.7	14.88	536.0
66.159	0.422	fixation	n/a	319.3	190.0	969.0	n/a	n/a	n/a	n/a
66.583	0.044	saccade	n/a	317.8	190.3	n/a	337.2	126.9	2.7	240.0
66.629	0.276	fixation	n/a	338.7	116.9	1022.0	n/a	n/a	n/a	n/a
66.907	0.052	saccade	n/a	341.4	115.3	n/a	186.8	103.9	6.16	431.0
66.961	0.224	fixation	n/a	175.2	105.7	1052.0	n/a	n/a	n/a	n/a
67.187	0.034	saccade	n/a	176.5	103.7	n/a	258.3	111.6	3.26	346.0
67.223	0.198	fixation	n/a	275.5	110.1	1003.0	n/a	n/a	n/a	n/a
67.423	0.03	saccade	n/a	278.8	118.0	n/a	333.3	119.4	2.19	232.0
67.455	0.166	fixation	n/a	340.0	114.9	976.0	n/a	n/a	n/a	n/a
67.623	0.034	saccade	n/a	338.7	113.3	n/a	402.7	116.8	2.58	290.0
67.659	0.238	fixation	n/a	413.8	113.1	938.0	n/a	n/a	n/a	n/a
67.75	0.0	trigger_11	11	n/a	n/a	n/a	n/a	n/a	n/a	n/a
67.764	0.0	trigger_10	10	n/a	n/a	n/a	n/a	n/a	n/a	n/a
67.899	0.03	saccade	n/a	415.9	107.9	n/a	533.9	117.4	4.75	285.0
67.931	0.492	fixation	n/a	533.3	109.3	857.0	n/a	n/a	n/a	n/a
68.425	0.07	saccade	n/a	535.7	108.9	n/a	188.9	155.0	13.89	435.0
68.497	0.328	fixation	n/a	176.8	160.4	975.0	n/a	n/a	n/a	n/a
68.827	0.038	saccade	n/a	175.8	164.3	n/a	248.0	162.9	2.86	335.0
68.867	0.22	fixation	n/a	267.8	163.6	1061.0	n/a	n/a	n/a	n/a
69.089	0.038	saccade	n/a	269.5	163.4	n/a	344.9	165.0	3.02	293.0
69.129	0.178	fixation	n/a	356.7	163.6	1067.0	n/a	n/a	n/a	n/a
69.309	0.036	saccade	n/a	357.4	164.4	n/a	411.4	166.4	2.17	260.0
69.347	0.198	fixation	n/a	425.0	164.6	1065.0	n/a	n/a	n/a	n/a
69.547	0.042	saccade	n/a	425.1	166.4	n/a	521.7	169.6	3.88	323.0
69.591	0.102	fixation	n/a	534.4	170.4	1047.0	n/a	n/a	n/a	n/a
69.695	0.04	saccade	n/a	537.3	170.4	n/a	329.1	139.8	8.42	439.0
69.737	0.218	fixation	n/a	322.5	140.4	1065.0	n/a	n/a	n/a	n/a
69.957	0.06	saccade	n/a	322.4	141.0	n/a	195.7	113.7	5.17	347.0
70.019	0.116	fixation	n/a	185.2	115.8	1091.0	n/a	n/a	n/a	n/a
70.137	0.02	saccade	n/a	182.9	116.9	n/a	170.6	108.7	0.59	87.0
70.159	0.156	fixation	n/a	172.7	108.9	1060.0	n/a	n/a	n/a	n/a
70.317	0.04	saccade	n/a	173.1	105.4	n/a	256.4	101.4	3.3	337.0
70.359	0.21	fixation	n/a	275.1	104.4	990.0	n/a	n/a	n/a	n/a
70.571	0.054	saccade	n/a	274.1	111.4	n/a	384.1	110.2	4.42	279.0
70.627	0.248	fixation	n/a	394.6	106.4	957.0	n/a	n/a	n/a	n/a
70.877	0.04	saccade	n/a	393.3	105.4	n/a	464.2	109.0	2.86	272.0
70.919	0.254	fixation	n/a	479.4	112.5	925.0	n/a	n/a	n/a	n/a
71.175	0.03	saccade	n/a	484.8	114.4	n/a	517.8	115.0	1.32	182.0
71.207	0.162	fixation	n/a	526.1	115.1	905.0	n/a	n/a	n/a	n/a
71.371	0.03	saccade	n/a	527.3	116.5	n/a	556.3	115.9	1.16	204.0
71.403	0.108	fixation	n/a	566.6	115.4	902.0	n/a	n/a	n/a	n/a
71.478	0.0	trigger_11	11	n/a	n/a	n/a	n/a	n/a	n/a	n/a
71.492	0.0	trigger_12	12	n/a	n/a	n/a	n/a	n/a	n/a	n/a
71.513	0.076	saccade	n/a	568.1	116.5	n/a	191.7	155.4	14.96	465.0
71.591	0.176	fixation	n/a	178.3	160.0	957.0	n/a	n/a	n/a	n/a
71.769	0.018	saccade	n/a	174.8	160.9	n/a	157.9	171.0	0.78	84.0
71.789	0.124	fixation	n/a	163.1	168.1	971.0	n/a	n/a	n/a	n/a
71.915	0.034	saccade	n/a	164.0	167.8	n/a	230.4	168.6	2.62	302.0
71.951	0.37	fixation	n/a	246.9	165.8	1029.0	n/a	n/a	n/a	n/a
72.323	0.04	saccade	n/a	247.2	166.0	n/a	320.8	165.0	2.94	354.0
72.365	0.216	fixation	n/a	341.3	165.5	1063.0	n/a	n/a	n/a	n/a
72.583	0.036	saccade	n/a	342.8	166.8	n/a	387.6	167.0	1.8	272.0
72.621	0.096	fixation	n/a	400.6	164.5	1069.0	n/a	n/a	n/a	n/a
72.719	0.052	saccade	n/a	402.8	164.2	n/a	232.5	120.7	7.04	392.0
72.773	0.204	fixation	n/a	223.1	116.7	1113.0	n/a	n/a	n/a	n/a
72.979	0.022	saccade	n/a	221.9	119.2	n/a	191.6	111.6	1.24	134.0
73.003	0.134	fixation	n/a	196.9	113.5	1161.0	n/a	n/a	n/a	n/a
73.139	0.042	saccade	n/a	194.6	113.8	n/a	283.4	108.9	3.54	365.0
73.183	0.196	fixation	n/a	303.2	110.3	1187.0	n/a	n/a	n/a	n/a
73.381	0.034	saccade	n/a	305.5	107.5	n/a	396.3	111.0	3.66	345.0
73.417	0.354	fixation	n/a	413.9	111.3	1179.0	n/a	n/a	n/a	n/a
73.773	0.048	saccade	n/a	417.5	111.9	n/a	159.8	114.9	10.25	478.0
73.823	0.278	fixation	n/a	174.6	111.8	1163.0	n/a	n/a	n/a	n/a
74.103	0.03	saccade	n/a	177.1	108.8	n/a	215.6	109.4	1.52	230.0
74.135	0.276	fixation	n/a	227.6	109.1	1102.0	n/a	n/a	n/a	n/a
74.413	0.022	saccade	n/a	227.7	107.7	n/a	300.1	113.1	2.9	239.0
74.437	0.322	fixation	n/a	299.4	114.8	1033.0	n/a	n/a	n/a	n/a
74.761	0.018	saccade	n/a	303.1	118.1	n/a	353.8	119.5	2.04	168.0
74.776	0.0	trigger_13	13	n/a	n/a	n/a	n/a	n/a	n/a	n/a
74.781	0.19	fixation	n/a	353.3	117.8	973.0	n/a	n/a	n/a	n/a
74.79	0.0	trigger_10	10	n/a	n/a	n/a	n/a	n/a	n/a	n/a
74.973	0.024	saccade	n/a	352.7	117.5	n/a	417.9	114.8	2.63	225.0
74.999	0.162	fixation	n/a	408.4	113.4	897.0	n/a	n/a	n/a	n/a
75.163	0.024	saccade	n/a	409.6	110.5	n/a	480.3	112.3	2.85	227.0
75.189	0.3	fixation	n/a	473.6	109.4	827.0	n/a	n/a	n/a	n/a
75.491	0.032	saccade	n/a	475.3	108.5	n/a	519.1	111.4	1.76	215.0
75.525	0.134	fixation	n/a	527.2	109.9	831.0	n/a	n/a	n/a	n/a
75.661	0.07	saccade	n/a	527.5	110.7	n/a	174.8	159.0	14.13	486.0
75.733	0.238	fixation	n/a	162.8	161.4	949.0	n/a	n/a	n/a	n/a
75.973	0.036	saccade	n/a	162.0	162.4	n/a	226.1	165.9	2.53	332.0
76.011	0.222	fixation	n/a	243.3	168.7	1005.0	n/a	n/a	n/a	n/a
76.235	0.038	saccade	n/a	244.8	168.0	n/a	298.9	169.6	2.16	294.0
76.275	0.302	fixation	n/a	317.7	168.2	1016.0	n/a	n/a	n/a	n/a
76.579	0.028	saccade	n/a	319.7	171.3	n/a	299.4	96.9	3.14	219.0
76.609	0.378	fixation	n/a	301.1	103.3	1047.0	n/a	n/a	n/a	n/a
76.989	0.048	saccade	n/a	300.8	107.3	n/a	183.9	105.9	4.65	347.0
77.039	0.218	fixation	n/a	173.3	111.2	1104.0	n/a	n/a	n/a	n/a
77.134	0.0	trigger_11	11	n/a	n/a	n/a	n/a	n/a	n/a	n/a
77.146	0.0	trigger_10	10	n/a	n/a	n/a	n/a	n/a	n/a	n/a
77.259	0.036	saccade	n/a	172.7	112.0	n/a	269.8	109.6	3.85	342.0
77.297	0.144	fixation	n/a	282.0	108.9	1054.0	n/a	n/a	n/a	n/a
77.443	0.062	saccade	n/a	284.7	114.4	n/a	444.9	111.8	6.43	382.0
77.507	0.174	fixation	n/a	456.5	111.5	984.0	n/a	n/a	n/a	n/a
77.683	0.016	saccade	n/a	454.9	110.3	n/a	442.1	111.1	0.52	75.0
77.701	0.22	fixation	n/a	447.0	111.0	924.0	n/a	n/a	n/a	n/a
77.923	0.026	saccade	n/a	448.1	108.8	n/a	549.3	120.9	4.09	297.0
77.951	0.188	fixation	n/a	542.6	119.1	900.0	n/a	n/a	n/a	n/a
78.141	0.024	saccade	n/a	543.1	120.4	n/a	578.9	118.6	1.43	161.0
78.167	0.082	fixation	n/a	574.4	116.7	909.0	n/a	n/a	n/a	n/a
78.251	0.08	saccade	n/a	575.4	117.3	n/a	169.3	166.7	16.14	490.0
78.333	0.19	fixation	n/a	157.7	170.8	977.0	n/a	n/a	n/a	n/a
78.525	0.034	saccade	n/a	157.1	172.6	n/a	228.3	167.0	2.81	321.0
78.561	0.172	fixation	n/a	244.0	168.5	981.0	n/a	n/a	n/a	n/a
78.735	0.034	saccade	n/a	246.0	169.2	n/a	284.8	168.7	1.55	227.0
78.771	0.16	fixation	n/a	296.0	166.9	1002.0	n/a	n/a	n/a	n/a
78.933	0.044	saccade	n/a	297.2	167.1	n/a	440.7	168.6	5.75	435.0
78.979	0.326	fixation	n/a	461.5	172.6	1016.0	n/a	n/a	n/a	n/a
79.307	0.066	saccade	n/a	459.9	173.5	n/a	190.3	117.6	10.96	508.0
79.375	0.188	fixation	n/a	174.3	121.0	1028.0	n/a	n/a	n/a	n/a
79.565	0.036	saccade	n/a	172.7	121.3	n/a	231.5	113.1	2.35	285.0
79.603	0.278	fixation	n/a	242.1	111.3	979.0	n/a	n/a	n/a	n/a
79.883	0.03	saccade	n/a	241.7	116.3	n/a	304.4	110.9	2.52	230.0
79.915	0.28	fixation	n/a	328.5	107.6	953.0	n/a	n/a	n/a	n/a
80.197	0.034	saccade	n/a	327.1	104.9	n/a	373.8	108.7	1.89	230.0
80.233	0.324	fixation	n/a	382.5	109.2	949.0	n/a	n/a	n/a	n/a
80.559	0.026	saccade	n/a	383.2	108.8	n/a	459.9	119.4	3.12	218.0
80.587	0.468	fixation	n/a	456.1	116.0	915.0	n/a	n/a	n/a	n/a
81.057	0.022	saccade	n/a	456.8	119.5	n/a	507.5	113.2	2.05	161.0
81.081	0.21	fixation	n/a	499.7	116.4	903.0	n/a	n/a	n/a	n/a
81.293	0.024	saccade	n/a	501.2	115.5	n/a	544.4	114.2	1.73	160.0
81.319	0.528	fixation	n/a	538.7	116.9	895.0	n/a	n/a	n/a	n/a
81.849	0.074	saccade	n/a	538.9	117.4	n/a	201.6	162.4	13.51	416.0
81.925	0.13	fixation	n/a	189.9	165.7	947.0	n/a	n/a	n/a	n/a
82.057	0.022	saccade	n/a	188.9	166.4	n/a	157.8	170.3	1.23	129.0
82.081	0.17	fixation	n/a	162.5	169.7	957.0	n/a	n/a	n/a	n/a
82.253	0.032	saccade	n/a	159.9	171.5	n/a	205.0	172.4	1.78	221.0
82.287	0.188	fixation	n/a	210.8	168.5	980.0	n/a	n/a	n/a	n/a
82.477	0.04	saccade	n/a	211.5	166.7	n/a	144.9	169.6	2.62	280.0
82.519	0.2	fixation	n/a	134.6	173.3	964.0	n/a	n/a	n/a	n/a
82.721	0.026	saccade	n/a	135.0	172.8	n/a	287.0	178.2	6.0	424.0
82.749	0.262	fixation	n/a	296.0	171.6	957.0	n/a	n/a	n/a	n/a
83.013	0.03	saccade	n/a	298.7	172.1	n/a	333.9	171.2	1.41	200.0
83.045	0.128	fixation	n/a	342.1	171.2	981.0	n/a	n/a	n/a	n/a
83.175	0.036	saccade	n/a	343.6	170.9	n/a	403.7	168.6	2.42	295.0
83.213	0.25	fixation	n/a	418.7	168.8	972.0	n/a	n/a	n/a	n/a
83.312	0.0	trigger_11	11	n/a	n/a	n/a	n/a	n/a	n/a	n/a
83.322	0.0	trigger_10	10	n/a	n/a	n/a	n/a	n/a	n/a	n/a
83.465	0.028	saccade	n/a	420.3	168.1	n/a	448.7	169.3	1.14	180.0
83.495	0.186	fixation	n/a	455.3	170.1	964.0	n/a	n/a	n/a	n/a
83.683	0.032	saccade	n/a	457.0	171.0	n/a	287.0	118.2	7.15	417.0
83.717	0.246	fixation	n/a	260.6	113.1	935.0	n/a	n/a	n/a	n/a
83.965	0.018	saccade	n/a	257.7	111.6	n/a	235.5	105.9	0.91	105.0
83.985	0.146	fixation	n/a	241.5	107.0	922.0	n/a	n/a	n/a	n/a
84.133	0.036	saccade	n/a	240.2	109.1	n/a	311.6	106.0	2.86	307.0
84.171	0.22	fixation	n/a	326.3	102.8	952.0	n/a	n/a	n/a	n/a
84.393	0.018	saccade	n/a	327.5	103.1	n/a	308.4	105.1	0.77	93.0
84.413	0.246	fixation	n/a	313.5	106.7	996.0	n/a	n/a	n/a	n/a
84.661	0.034	saccade	n/a	313.2	106.7	n/a	264.9	106.2	1.94	252.0
84.697	0.11	fixation	n/a	255.8	108.5	1018.0	n/a	n/a	n/a	n/a
84.809	0.034	saccade	n/a	252.8	110.4	n/a	323.5	110.0	2.83	290.0
84.845	0.376	fixation	n/a	331.9	109.8	1026.0	n/a	n/a	n/a	n/a
85.223	0.034	saccade	n/a	333.3	108.4	n/a	375.0	111.0	1.68	277.0
85.259	0.242	fixation	n/a	386.8	115.0	1084.0	n/a	n/a	n/a	n/a
85.472	0.0	trigger_11	11	n/a	n/a	n/a	n/a	n/a	n/a	n/a
85.488	0.0	trigger_10	10	n/a	n/a	n/a	n/a	n/a	n/a	n/a
85.503	0.048	saccade	n/a	387.9	114.7	n/a	255.2	108.6	5.32	423.0
85.553	0.224	fixation	n/a	239.9	112.8	1099.0	n/a	n/a	n/a	n/a
85.779	0.032	saccade	n/a	240.3	115.4	n/a	287.4	115.9	1.88	240.0
85.813	0.134	fixation	n/a	294.7	113.8	1080.0	n/a	n/a	n/a	n/a
85.949	0.04	saccade	n/a	295.1	113.3	n/a	375.1	115.3	3.22	317.0
85.991	0.132	fixation	n/a	393.3	111.5	1041.0	n/a	n/a	n/a	n/a
86.125	0.04	saccade	n/a	394.9	111.4	n/a	480.9	117.9	3.47	327.0
86.167	0.148	fixation	n/a	496.8	120.9	991.0	n/a	n/a	n/a	n/a
86.317	0.036	saccade	n/a	497.9	121.8	n/a	561.4	117.3	2.55	289.0
86.355	0.128	fixation	n/a	572.3	117.9	960.0	n/a	n/a	n/a	n/a
86.485	0.064	saccade	n/a	574.9	120.3	n/a	181.4	176.6	15.72	475.0
86.551	0.28	fixation	n/a	183.2	173.6	1035.0	n/a	n/a	n/a	n/a
86.833	0.044	saccade	n/a	180.3	174.5	n/a	276.9	168.6	3.84	340.0
86.879	0.276	fixation	n/a	294.6	169.9	1068.0	n/a	n/a	n/a	n/a
87.157	0.042	saccade	n/a	295.6	168.6	n/a	395.5	163.8	4.02	355.0
87.201	0.202	fixation	n/a	413.8	166.5	1084.0	n/a	n/a	n/a	n/a
87.405	0.038	saccade	n/a	416.2	167.3	n/a	492.2	169.0	3.06	327.0
87.445	0.202	fixation	n/a	507.5	172.0	1059.0	n/a	n/a	n/a	n/a
87.649	0.06	saccade	n/a	508.2	173.1	n/a	240.3	124.3	10.88	483.0
87.711	0.148	fixation	n/a	227.7	125.2	1095.0	n/a	n/a	n/a	n/a
87.861	0.028	saccade	n/a	226.3	125.3	n/a	202.4	121.3	0.96	170.0
87.891	0.252	fixation	n/a	195.4	123.8	1070.0	n/a	n/a	n/a	n/a
88.145	0.046	saccade	n/a	193.5	123.9	n/a	271.3	132.0	3.11	251.0
88.193	0.06	fixation	n/a	281.7	132.5	1024.0	n/a	n/a	n/a	n/a
88.255	0.042	saccade	n/a	282.4	132.2	n/a	395.5	164.2	4.73	422.0
88.299	0.112	fixation	n/a	407.7	174.7	1009.0	n/a	n/a	n/a	n/a
88.413	0.03	saccade	n/a	408.7	175.1	n/a	380.2	173.0	1.15	189.0
88.445	0.184	fixation	n/a	375.4	172.2	987.0	n/a	n/a	n/a	n/a
88.631	0.038	saccade	n/a	374.9	172.7	n/a	450.8	171.2	3.05	311.0
88.671	0.16	fixation	n/a	467.4	172.9	943.0	n/a	n/a	n/a	n/a
88.833	0.036	saccade	n/a	469.6	174.5	n/a	524.4	172.2	2.2	242.0
88.871	0.61	fixation	n/a	538.8	170.0	824.0	n/a	n/a	n/a	n/a
89.28	0.0	trigger_11	11	n/a	n/a	n/a	n/a	n/a	n/a	n/a
89.298	0.0	trigger_10	10	n/a	n/a	n/a	n/a	n/a	n/a	n/a
89.483	0.008	saccade	n/a	542.6	173.6	n/a	541.4	182.6	0.37	46.0
89.493	0.016	fixation	n/a	540.6	184.0	752.0	n/a	n/a	n/a	n/a
89.511	0.07	saccade	n/a	540.1	182.6	n/a	169.6	212.8	14.7	436.0
89.583	0.192	fixation	n/a	161.3	215.4	778.0	n/a	n/a	n/a	n/a
89.777	0.014	saccade	n/a	159.6	215.9	n/a	147.9	222.7	0.53	65.0
89.793	0.128	fixation	n/a	152.2	222.8	831.0	n/a	n/a	n/a	n/a
89.923	0.036	saccade	n/a	149.8	222.7	n/a	215.8	226.1	2.59	285.0
89.961	0.15	fixation	n/a	229.0	225.5	908.0	n/a	n/a	n/a	n/a
90.113	0.036	saccade	n/a	230.4	224.3	n/a	285.8	225.9	2.2	295.0
90.151	0.21	fixation	n/a	303.2	223.7	948.0	n/a	n/a	n/a	n/a
90.363	0.028	saccade	n/a	307.3	224.3	n/a	426.6	227.5	4.78	342.0
90.393	0.25	fixation	n/a	422.7	224.7	987.0	n/a	n/a	n/a	n/a
90.645	0.024	saccade	n/a	422.6	225.6	n/a	501.1	224.6	3.15	254.0
90.671	0.116	fixation	n/a	490.3	225.3	978.0	n/a	n/a	n/a	n/a
90.789	0.044	saccade	n/a	493.3	226.1	n/a	370.5	222.2	4.92	380.0
90.835	0.232	fixation	n/a	356.4	225.2	985.0	n/a	n/a	n/a	n/a
91.069	0.054	saccade	n/a	355.7	222.7	n/a	518.2	228.5	6.5	362.0
91.125	0.34	fixation	n/a	534.0	225.8	1048.0	n/a	n/a	n/a	n/a
91.467	0.056	saccade	n/a	537.3	225.8	n/a	222.2	149.9	12.9	514.0
91.525	0.166	fixation	n/a	220.0	150.6	1087.0	n/a	n/a	n/a	n/a
91.693	0.022	saccade	n/a	220.2	150.2	n/a	184.4	170.0	1.63	149.0
91.717	0.224	fixation	n/a	191.0	165.5	1084.0	n/a	n/a	n/a	n/a
91.943	0.038	saccade	n/a	189.5	166.9	n/a	260.0	166.7	2.79	319.0
91.983	0.156	fixation	n/a	274.1	166.2	1089.0	n/a	n/a	n/a	n/a
92.141	0.034	saccade	n/a	276.3	165.4	n/a	317.7	170.4	1.67	280.0
92.177	0.204	fixation	n/a	332.8	169.9	1078.0	n/a	n/a	n/a	n/a
92.383	0.032	saccade	n/a	333.2	171.5	n/a	391.7	171.0	2.35	260.0
92.417	0.24	fixation	n/a	398.7	171.0	1046.0	n/a	n/a	n/a	n/a
92.659	0.02	saccade	n/a	398.3	175.6	n/a	466.2	178.1	2.73	211.0
92.681	0.176	fixation	n/a	478.0	175.7	1010.0	n/a	n/a	n/a	n/a
92.859	0.022	saccade	n/a	479.5	174.7	n/a	538.2	177.4	2.35	176.0
92.883	0.172	fixation	n/a	527.8	176.5	971.0	n/a	n/a	n/a	n/a
93.057	0.018	saccade	n/a	530.1	175.9	n/a	574.9	176.3	1.78	152.0
93.077	0.164	fixation	n/a	564.9	174.6	942.0	n/a	n/a	n/a	n/a
93.243	0.038	saccade	n/a	564.4	174.8	n/a	621.0	176.6	2.24	251.0
93.283	0.088	fixation	n/a	633.4	175.1	944.0	n/a	n/a	n/a	n/a
93.373	0.03	saccade	n/a	634.7	174.6	n/a	480.4	120.5	6.5	406.0
93.405	0.226	fixation	n/a	479.9	115.4	966.0	n/a	n/a	n/a	n/a
93.633	0.032	saccade	n/a	479.4	113.0	n/a	518.0	113.3	1.55	210.0
93.667	0.146	fixation	n/a	526.7	114.3	972.0	n/a	n/a	n/a	n/a
93.815	0.028	saccade	n/a	528.0	112.1	n/a	601.2	109.8	2.91	258.0
93.845	0.09	fixation	n/a	595.5	110.9	954.0	n/a	n/a	n/a	n/a
93.937	0.078	saccade	n/a	597.9	111.6	n/a	187.3	166.2	16.35	482.0
94.017	0.18	fixation	n/a	173.4	167.5	1005.0	n/a	n/a	n/a	n/a
94.088	0.0	trigger_11	11	n/a	n/a	n/a	n/a	n/a	n/a	n/a
94.108	0.0	trigger_10	10	n/a	n/a	n/a	n/a	n/a	n/a	n/a
94.199	0.036	saccade	n/a	170.7	165.6	n/a	227.2	161.8	2.23	350.0
94.237	0.2	fixation	n/a	249.2	163.9	1023.0	n/a	n/a	n/a	n/a
94.439	0.04	saccade	n/a	252.4	166.0	n/a	322.1	165.0	2.79	336.0
94.481	0.158	fixation	n/a	340.3	164.7	1001.0	n/a	n/a	n/a	n/a
94.641	0.032	saccade	n/a	341.2	169.7	n/a	381.5	160.6	1.66	219.0
94.675	0.19	fixation	n/a	411.7	162.9	985.0	n/a	n/a	n/a	n/a
94.867	0.028	saccade	n/a	414.7	164.1	n/a	273.0	105.2	6.18	412.0
94.897	0.152	fixation	n/a	261.4	112.0	1013.0	n/a	n/a	n/a	n/a
95.051	0.038	saccade	n/a	260.0	112.2	n/a	205.7	112.7	2.15	329.0
95.091	0.22	fixation	n/a	189.3	113.0	1001.0	n/a	n/a	n/a	n/a
95.313	0.038	saccade	n/a	188.4	113.5	n/a	264.4	109.0	3.02	351.0
95.353	0.182	fixation	n/a	283.9	110.4	1071.0	n/a	n/a	n/a	n/a
95.537	0.034	saccade	n/a	285.7	113.9	n/a	324.4	111.8	1.55	269.0
95.573	0.122	fixation	n/a	336.8	113.6	1091.0	n/a	n/a	n/a	n/a
95.697	0.04	saccade	n/a	337.6	112.9	n/a	420.1	117.6	3.33	344.0
95.739	0.156	fixation	n/a	435.1	118.6	1086.0	n/a	n/a	n/a	n/a
95.897	0.028	saccade	n/a	435.9	119.8	n/a	424.3	117.0	0.48	127.0
95.927	0.36	fixation	n/a	420.1	116.7	1107.0	n/a	n/a	n/a	n/a
96.289	0.046	saccade	n/a	420.7	119.1	n/a	205.5	116.2	8.59	430.0
96.337	0.194	fixation	n/a	206.8	122.4	1113.0	n/a	n/a	n/a	n/a
96.533	0.02	saccade	n/a	205.6	124.9	n/a	188.6	119.6	0.7	90.0
96.555	0.204	fixation	n/a	192.3	121.8	1059.0	n/a	n/a	n/a	n/a
96.761	0.04	saccade	n/a	193.4	120.8	n/a	281.2	111.4	3.51	292.0
96.803	0.246	fixation	n/a	293.5	111.3	974.0	n/a	n/a	n/a	n/a
97.051	0.032	saccade	n/a	293.8	109.9	n/a	358.0	109.0	2.58	264.0
97.085	0.15	fixation	n/a	360.1	105.5	921.0	n/a	n/a	n/a	n/a
97.237	0.034	saccade	n/a	357.0	103.0	n/a	407.8	107.8	2.06	253.0
97.273	0.15	fixation	n/a	416.7	105.2	905.0	n/a	n/a	n/a	n/a
97.425	0.03	saccade	n/a	418.2	103.1	n/a	444.4	110.4	1.1	167.0
97.457	0.186	fixation	n/a	450.2	106.2	909.0	n/a	n/a	n/a	n/a
97.645	0.034	saccade	n/a	449.2	106.1	n/a	494.8	107.8	1.84	214.0
97.681	0.158	fixation	n/a	498.8	107.4	916.0	n/a	n/a	n/a	n/a
97.841	0.07	saccade	n/a	499.2	107.8	n/a	159.6	160.6	13.65	515.0
97.913	0.25	fixation	n/a	142.8	166.5	1018.0	n/a	n/a	n/a	n/a
98.165	0.02	saccade	n/a	139.3	167.7	n/a	187.9	162.5	1.91	141.0
98.187	0.166	fixation	n/a	193.0	164.7	1098.0	n/a	n/a	n/a	n/a
98.355	0.032	saccade	n/a	193.1	165.9	n/a	235.4	164.4	1.67	251.0
98.389	0.144	fixation	n/a	245.6	163.7	1125.0	n/a	n/a	n/a	n/a
98.535	0.07	saccade	n/a	246.8	159.8	n/a	348.0	165.3	4.05	279.0
98.607	0.188	fixation	n/a	361.6	162.7	1148.0	n/a	n/a	n/a	n/a
98.797	0.034	saccade	n/a	357.9	162.9	n/a	404.4	163.9	1.87	272.0
98.833	0.194	fixation	n/a	422.7	167.1	1098.0	n/a	n/a	n/a	n/a
99.029	0.036	saccade	n/a	428.2	169.5	n/a	472.0	175.1	1.77	247.0
99.067	0.178	fixation	n/a	484.5	176.8	1033.0	n/a	n/a	n/a	n/a
99.247	0.006	saccade	n/a	482.8	177.7	n/a	475.4	173.2	0.35	50.0
99.255	0.196	fixation	n/a	476.2	173.7	1029.0	n/a	n/a	n/a	n/a
99.453	0.038	saccade	n/a	478.0	174.8	n/a	546.3	174.9	2.73	279.0
99.493	0.266	fixation	n/a	564.5	176.5	1006.0	n/a	n/a	n/a	n/a
99.761	0.018	saccade	n/a	569.3	176.8	n/a	594.6	179.3	1.01	113.0
99.781	0.362	fixation	n/a	592.0	175.6	1035.0	n/a	n/a	n/a	n/a
100.145	0.032	saccade	n/a	595.8	180.2	n/a	635.4	173.9	1.58	193.0
100.179	0.086	fixation	n/a	647.0	177.6	1047.0	n/a	n/a	n/a	n/a
100.267	0.068	saccade	n/a	648.3	177.8	n/a	190.1	220.5	18.05	481.0
100.337	0.26	fixation	n/a	191.0	223.6	1099.0	n/a	n/a	n/a	n/a
100.599	0.038	saccade	n/a	191.3	225.7	n/a	249.1	219.7	2.3	214.0
100.639	0.18	fixation	n/a	262.9	220.8	1086.0	n/a	n/a	n/a	n/a
100.821	0.026	saccade	n/a	265.6	222.3	n/a	260.1	152.4	2.84	209.0
100.849	0.132	fixation	n/a	262.9	164.3	1036.0	n/a	n/a	n/a	n/a
100.983	0.034	saccade	n/a	264.9	164.6	n/a	202.5	135.0	2.75	310.0
101.019	0.202	fixation	n/a	192.3	129.7	1031.0	n/a	n/a	n/a	n/a
101.223	0.022	saccade	n/a	190.7	129.2	n/a	220.0	114.0	1.31	167.0
101.247	0.15	fixation	n/a	218.1	119.0	1085.0	n/a	n/a	n/a	n/a
101.399	0.036	saccade	n/a	217.5	119.9	n/a	293.1	117.7	3.01	331.0
101.437	0.208	fixation	n/a	307.0	115.3	1128.0	n/a	n/a	n/a	n/a
101.647	0.044	saccade	n/a	308.6	113.1	n/a	412.4	115.0	4.18	343.0
101.693	0.106	fixation	n/a	410.3	117.9	1119.0	n/a	n/a	n/a	n/a
101.801	0.04	saccade	n/a	411.1	118.7	n/a	488.3	117.1	3.11	320.0
101.843	0.154	fixation	n/a	500.7	121.3	1077.0	n/a	n/a	n/a	n/a
101.999	0.066	saccade	n/a	501.1	122.5	n/a	203.3	172.9	12.04	501.0
102.067	0.252	fixation	n/a	189.1	176.1	1085.0	n/a	n/a	n/a	n/a
102.321	0.04	saccade	n/a	186.5	177.8	n/a	254.2	170.2	2.7	330.0
102.363	0.22	fixation	n/a	272.3	172.4	1057.0	n/a	n/a	n/a	n/a
102.585	0.022	saccade	n/a	270.8	176.2	n/a	320.1	176.1	1.98	124.0
102.609	0.25	fixation	n/a	325.2	172.7	1021.0	n/a	n/a	n/a	n/a
102.861	0.034	saccade	n/a	324.4	172.7	n/a	394.2	176.0	2.81	288.0
102.897	0.228	fixation	n/a	403.5	175.5	992.0	n/a	n/a	n/a	n/a
103.127	0.03	saccade	n/a	403.9	175.3	n/a	465.8	175.2	2.49	254.0
103.159	0.138	fixation	n/a	471.9	171.4	973.0	n/a	n/a	n/a	n/a
103.272	0.0	trigger_11	11	n/a	n/a	n/a	n/a	n/a	n/a	n/a
103.282	0.0	trigger_12	12	n/a	n/a	n/a	n/a	n/a	n/a	n/a
103.299	0.034	saccade	n/a	472.9	171.9	n/a	403.4	209.5	3.18	316.0
103.335	0.168	fixation	n/a	396.2	214.1	1013.0	n/a	n/a	n/a	n/a
103.505	0.03	saccade	n/a	395.9	215.3	n/a	352.3	219.4	1.76	201.0
103.537	0.274	fixation	n/a	346.3	221.8	1030.0	n/a	n/a	n/a	n/a
103.813	0.026	saccade	n/a	346.5	222.5	n/a	462.9	217.8	4.68	321.0
103.841	0.238	fixation	n/a	474.0	224.1	969.0	n/a	n/a	n/a	n/a
104.081	0.044	saccade	n/a	473.7	230.7	n/a	587.1	230.3	4.51	191.0
104.127	0.13	fixation	n/a	585.7	227.7	930.0	n/a	n/a	n/a	n/a
104.259	0.072	saccade	n/a	587.8	227.5	n/a	196.7	284.4	15.57	498.0
104.333	0.146	fixation	n/a	184.9	286.4	962.0	n/a	n/a	n/a	n/a
104.481	0.022	saccade	n/a	184.8	287.3	n/a	158.6	283.5	1.03	118.0
104.505	0.194	fixation	n/a	159.8	284.2	974.0	n/a	n/a	n/a	n/a
104.701	0.038	saccade	n/a	158.2	284.8	n/a	226.9	280.4	2.69	287.0
104.741	0.22	fixation	n/a	241.9	281.6	974.0	n/a	n/a	n/a	n/a
104.963	0.04	saccade	n/a	243.1	282.8	n/a	325.0	277.0	3.26	312.0
104.976	0.0	trigger_13	13	n/a	n/a	n/a	n/a	n/a	n/a	n/a
104.986	0.0	trigger_10	10	n/a	n/a	n/a	n/a	n/a	n/a	n/a
105.005	0.132	fixation	n/a	343.5	279.3	929.0	n/a	n/a	n/a	n/a
105.139	0.036	saccade	n/a	344.8	280.7	n/a	401.7	275.9	2.28	280.0
105.177	0.258	fixation	n/a	414.5	279.0	858.0	n/a	n/a	n/a	n/a
105.437	0.052	saccade	n/a	414.4	282.0	n/a	247.4	104.0	9.82	494.0
105.491	0.108	fixation	n/a	251.4	97.5	786.0	n/a	n/a	n/a	n/a
105.601	0.034	saccade	n/a	250.9	99.4	n/a	186.5	104.7	2.56	291.0
105.637	0.234	fixation	n/a	176.7	104.1	794.0	n/a	n/a	n/a	n/a
105.873	0.036	saccade	n/a	176.5	105.7	n/a	270.0	104.3	3.71	322.0
105.911	0.182	fixation	n/a	283.1	107.0	863.0	n/a	n/a	n/a	n/a
106.09	0.0	trigger_11	11	n/a	n/a	n/a	n/a	n/a	n/a	n/a
106.095	0.032	saccade	n/a	283.9	108.1	n/a	347.5	115.2	2.57	267.0
106.1	0.0	trigger_10	10	n/a	n/a	n/a	n/a	n/a	n/a	n/a
106.129	0.14	fixation	n/a	354.6	114.8	906.0	n/a	n/a	n/a	n/a
106.271	0.06	saccade	n/a	356.2	115.3	n/a	527.3	117.7	6.87	352.0
106.333	0.122	fixation	n/a	540.3	117.3	921.0	n/a	n/a	n/a	n/a
106.457	0.03	saccade	n/a	540.4	117.4	n/a	522.9	122.4	0.73	157.0
106.489	0.104	fixation	n/a	515.5	120.6	965.0	n/a	n/a	n/a	n/a
106.595	0.068	saccade	n/a	514.9	121.3	n/a	184.1	168.9	13.27	531.0
106.665	0.196	fixation	n/a	173.8	168.9	1051.0	n/a	n/a	n/a	n/a
106.863	0.012	saccade	n/a	175.8	171.8	n/a	202.9	168.5	1.08	101.0
106.877	0.308	fixation	n/a	211.6	169.2	1098.0	n/a	n/a	n/a	n/a
107.187	0.04	saccade	n/a	214.9	170.5	n/a	178.8	133.7	2.06	270.0
107.229	0.176	fixation	n/a	171.8	126.3	1095.0	n/a	n/a	n/a	n/a
107.407	0.038	saccade	n/a	170.6	126.7	n/a	229.7	121.8	2.34	320.0
107.447	0.146	fixation	n/a	244.7	121.9	1071.0	n/a	n/a	n/a	n/a
107.595	0.04	saccade	n/a	245.4	122.1	n/a	319.4	118.4	2.96	364.0
107.637	0.168	fixation	n/a	338.0	117.2	1067.0	n/a	n/a	n/a	n/a
107.807	0.04	saccade	n/a	340.4	115.7	n/a	446.3	117.7	4.26	353.0
107.849	0.164	fixation	n/a	461.3	117.9	1055.0	n/a	n/a	n/a	n/a
108.015	0.042	saccade	n/a	462.3	118.7	n/a	530.3	120.1	2.73	277.0
108.059	0.2	fixation	n/a	545.4	122.2	1069.0	n/a	n/a	n/a	n/a
108.261	0.066	saccade	n/a	545.4	123.3	n/a	262.1	123.3	11.31	464.0
108.329	0.108	fixation	n/a	245.8	126.7	1139.0	n/a	n/a	n/a	n/a
108.439	0.034	saccade	n/a	246.1	126.4	n/a	198.0	122.4	1.92	293.0
108.475	0.238	fixation	n/a	186.6	120.3	1150.0	n/a	n/a	n/a	n/a
108.715	0.036	saccade	n/a	185.6	121.3	n/a	252.3	118.6	2.64	328.0
108.753	0.144	fixation	n/a	268.4	118.9	1146.0	n/a	n/a	n/a	n/a
108.899	0.044	saccade	n/a	268.7	122.2	n/a	376.6	112.1	4.35	325.0
108.945	0.192	fixation	n/a	377.4	113.4	1116.0	n/a	n/a	n/a	n/a
109.139	0.02	saccade	n/a	378.2	110.6	n/a	425.7	114.6	1.92	161.0
109.161	0.234	fixation	n/a	415.8	114.3	1076.0	n/a	n/a	n/a	n/a
109.397	0.038	saccade	n/a	414.9	113.0	n/a	468.7	115.9	2.17	263.0
109.437	0.38	fixation	n/a	485.2	116.9	1021.0	n/a	n/a	n/a	n/a
109.508	0.0	trigger_11	11	n/a	n/a	n/a	n/a	n/a	n/a	n/a
109.518	0.0	trigger_10	10	n/a	n/a	n/a	n/a	n/a	n/a	n/a
109.819	0.022	saccade	n/a	488.3	117.8	n/a	547.5	123.9	2.38	208.0
109.843	0.088	fixation	n/a	539.3	121.2	1019.0	n/a	n/a	n/a	n/a
109.933	0.006	saccade	n/a	544.8	118.4	n/a	553.5	120.8	0.36	57.0
109.941	0.082	fixation	n/a	553.7	123.9	1026.0	n/a	n/a	n/a	n/a
110.025	0.056	saccade	n/a	553.8	124.0	n/a	172.8	172.8	15.19	489.0
110.083	0.204	fixation	n/a	174.2	175.0	1085.0	n/a	n/a	n/a	n/a
110.289	0.032	saccade	n/a	175.2	177.1	n/a	222.2	169.8	1.88	283.0
110.323	0.214	fixation	n/a	236.7	171.3	1096.0	n/a	n/a	n/a	n/a
110.539	0.038	saccade	n/a	236.7	172.3	n/a	323.1	170.4	3.45	371.0
110.579	0.366	fixation	n/a	338.7	171.0	1097.0	n/a	n/a	n/a	n/a
110.947	0.026	saccade	n/a	336.9	175.3	n/a	438.5	172.8	4.08	317.0
110.975	0.174	fixation	n/a	427.6	177.1	1113.0	n/a	n/a	n/a	n/a
111.151	0.206	saccade	n/a	430.7	187.5	n/a	454.2	193.0	0.97	764.0
111.175	0.12	blink	n/a	n/a	n/a	n/a	n/a	n/a	n/a	n/a
111.359	0.08	fixation	n/a	442.4	175.3	1089.0	n/a	n/a	n/a	n/a
111.441	0.036	saccade	n/a	440.0	170.7	n/a	485.3	181.0	1.87	258.0
111.479	0.216	fixation	n/a	497.9	179.4	1128.0	n/a	n/a	n/a	n/a
111.697	0.062	saccade	n/a	499.5	179.5	n/a	235.4	134.4	10.7	492.0
111.761	0.138	fixation	n/a	227.7	135.3	1099.0	n/a	n/a	n/a	n/a
111.901	0.15	saccade	n/a	227.4	140.5	n/a	210.9	152.9	0.82	1196.0
111.931	0.07	blink	n/a	n/a	n/a	n/a	n/a	n/a	n/a	n/a
112.053	0.062	fixation	n/a	209.5	129.5	973.0	n/a	n/a	n/a	n/a
112.117	0.034	saccade	n/a	209.8	124.4	n/a	298.7	121.5	3.54	341.0
112.153	0.168	fixation	n/a	311.7	116.9	932.0	n/a	n/a	n/a	n/a
112.323	0.022	saccade	n/a	315.1	116.4	n/a	379.7	88.2	2.84	251.0
112.347	0.284	fixation	n/a	373.0	92.9	846.0	n/a	n/a	n/a	n/a
112.633	0.022	saccade	n/a	375.0	92.1	n/a	410.3	92.5	1.42	158.0
112.657	0.146	fixation	n/a	405.0	91.4	784.0	n/a	n/a	n/a	n/a
112.805	0.034	saccade	n/a	406.1	92.6	n/a	464.3	105.6	2.4	259.0
112.841	0.238	fixation	n/a	470.4	107.5	817.0	n/a	n/a	n/a	n/a
113.081	0.036	saccade	n/a	470.4	114.4	n/a	511.5	112.3	1.65	253.0
113.119	0.212	fixation	n/a	524.1	114.9	899.0	n/a	n/a	n/a	n/a
113.333	0.088	saccade	n/a	523.5	116.2	n/a	205.2	171.2	12.85	390.0
113.423	0.13	fixation	n/a	191.2	173.0	994.0	n/a	n/a	n/a	n/a
113.555	0.034	saccade	n/a	188.4	172.0	n/a	160.7	181.1	1.15	212.0
113.591	0.272	fixation	n/a	149.1	181.7	1038.0	n/a	n/a	n/a	n/a
113.865	0.038	saccade	n/a	147.2	181.5	n/a	215.4	174.5	2.69	306.0
113.905	0.296	fixation	n/a	230.5	171.3	1077.0	n/a	n/a	n/a	n/a
114.203	0.034	saccade	n/a	231.2	169.5	n/a	277.8	176.0	1.88	276.0
114.239	0.144	fixation	n/a	288.1	175.2	1063.0	n/a	n/a	n/a	n/a
114.385	0.026	saccade	n/a	288.0	180.1	n/a	380.8	173.2	3.74	286.0
114.413	0.194	fixation	n/a	376.0	171.9	1052.0	n/a	n/a	n/a	n/a
114.609	0.032	saccade	n/a	375.8	171.3	n/a	419.4	158.6	1.83	205.0
114.643	0.248	fixation	n/a	425.5	159.4	1045.0	n/a	n/a	n/a	n/a
114.893	0.036	saccade	n/a	426.5	158.4	n/a	479.5	168.6	2.17	233.0
114.931	0.294	fixation	n/a	491.1	170.4	1037.0	n/a	n/a	n/a	n/a
115.227	0.042	saccade	n/a	489.6	173.9	n/a	562.0	174.8	2.89	279.0
115.271	0.162	fixation	n/a	576.1	173.9	1006.0	n/a	n/a	n/a	n/a
115.435	0.074	saccade	n/a	578.1	172.3	n/a	193.1	222.9	15.35	457.0
115.511	0.136	fixation	n/a	181.3	224.4	1015.0	n/a	n/a	n/a	n/a
115.649	0.028	saccade	n/a	180.5	224.3	n/a	155.7	233.2	1.03	151.0
115.679	0.192	fixation	n/a	150.3	234.0	1053.0	n/a	n/a	n/a	n/a
115.873	0.034	saccade	n/a	148.8	232.9	n/a	203.8	225.4	2.17	319.0
115.909	0.218	fixation	n/a	219.2	225.3	1087.0	n/a	n/a	n/a	n/a
116.129	0.032	saccade	n/a	223.1	226.5	n/a	266.7	224.0	1.73	238.0
116.163	0.214	fixation	n/a	275.5	224.3	1057.0	n/a	n/a	n/a	n/a
116.379	0.042	saccade	n/a	276.5	226.8	n/a	366.7	214.8	3.64	355.0
116.423	0.246	fixation	n/a	387.2	217.2	1040.0	n/a	n/a	n/a	n/a
116.671	0.068	saccade	n/a	390.7	220.3	n/a	186.8	114.1	9.18	252.0
116.741	0.224	fixation	n/a	189.3	115.1	1001.0	n/a	n/a	n/a	n/a
116.967	0.036	saccade	n/a	190.0	115.2	n/a	251.6	111.9	2.44	310.0
117.005	0.152	fixation	n/a	269.5	112.7	1008.0	n/a	n/a	n/a	n/a
117.159	0.042	saccade	n/a	270.9	112.3	n/a	358.6	121.5	3.54	351.0
117.203	0.152	fixation	n/a	377.8	123.1	1054.0	n/a	n/a	n/a	n/a
117.357	0.054	saccade	n/a	378.7	123.6	n/a	193.4	158.8	7.52	465.0
117.413	0.256	fixation	n/a	178.3	165.6	1114.0	n/a	n/a	n/a	n/a
117.671	0.022	saccade	n/a	177.1	166.6	n/a	225.8	168.5	1.93	200.0
117.695	0.178	fixation	n/a	220.1	168.2	1122.0	n/a	n/a	n/a	n/a
117.875	0.04	saccade	n/a	221.1	168.3	n/a	308.0	171.4	3.47	388.0
117.917	0.192	fixation	n/a	327.9	175.9	1111.0	n/a	n/a	n/a	n/a
118.111	0.03	saccade	n/a	327.8	177.5	n/a	346.5	168.3	0.84	179.0
118.143	0.132	fixation	n/a	356.8	168.3	1097.0	n/a	n/a	n/a	n/a
118.277	0.038	saccade	n/a	357.8	167.5	n/a	432.9	168.3	3.02	374.0
118.317	0.236	fixation	n/a	447.0	170.8	1073.0	n/a	n/a	n/a	n/a
118.555	0.034	saccade	n/a	447.4	171.6	n/a	484.4	163.6	1.52	216.0
118.591	0.088	fixation	n/a	493.1	162.6	1066.0	n/a	n/a	n/a	n/a
118.681	0.038	saccade	n/a	495.9	162.6	n/a	324.9	114.1	7.13	470.0
118.721	0.316	fixation	n/a	319.9	120.1	1098.0	n/a	n/a	n/a	n/a
119.039	0.038	saccade	n/a	316.8	121.3	n/a	372.2	122.8	2.23	324.0
119.079	0.174	fixation	n/a	392.1	123.2	1140.0	n/a	n/a	n/a	n/a
119.255	0.03	saccade	n/a	391.7	122.9	n/a	476.6	132.3	3.44	283.0
119.287	0.11	fixation	n/a	473.4	130.1	1129.0	n/a	n/a	n/a	n/a
119.399	0.04	saccade	n/a	477.5	131.6	n/a	404.7	123.5	2.95	325.0
119.441	0.146	fixation	n/a	390.4	124.0	1139.0	n/a	n/a	n/a	n/a
119.589	0.042	saccade	n/a	389.9	123.7	n/a	460.9	131.7	2.88	304.0
119.633	0.274	fixation	n/a	475.9	130.5	1154.0	n/a	n/a	n/a	n/a
119.802	0.0	trigger_11	11	n/a	n/a	n/a	n/a	n/a	n/a	n/a
119.814	0.0	trigger_10	10	n/a	n/a	n/a	n/a	n/a	n/a	n/a
119.909	0.032	saccade	n/a	472.8	127.6	n/a	477.6	125.7	0.21	158.0
119.943	0.02	fixation	n/a	487.9	123.5	1168.0	n/a	n/a	n/a	n/a
119.965	0.066	saccade	n/a	489.5	124.6	n/a	199.1	118.6	11.57	473.0
120.033	0.208	fixation	n/a	180.8	121.3	1226.0	n/a	n/a	n/a	n/a
120.243	0.038	saccade	n/a	174.3	120.6	n/a	217.8	116.0	1.73	272.0
120.283	0.24	fixation	n/a	229.7	113.0	1235.0	n/a	n/a	n/a	n/a
120.525	0.044	saccade	n/a	227.0	110.7	n/a	355.9	103.4	5.16	421.0
120.571	0.384	fixation	n/a	372.2	106.3	1177.0	n/a	n/a	n/a	n/a
120.957	0.026	saccade	n/a	374.0	111.4	n/a	453.0	128.6	3.26	231.0
120.985	0.3	fixation	n/a	441.3	125.9	1177.0	n/a	n/a	n/a	n/a
121.287	0.036	saccade	n/a	437.0	122.5	n/a	485.7	121.8	1.96	273.0
121.325	0.174	fixation	n/a	496.4	119.3	1213.0	n/a	n/a	n/a	n/a
121.501	0.072	saccade	n/a	499.1	120.6	n/a	138.3	163.2	14.36	534.0
121.575	0.176	fixation	n/a	110.3	166.0	1336.0	n/a	n/a	n/a	n/a
121.753	0.026	saccade	n/a	95.9	161.4	n/a	133.7	95.0	3.04	219.0
121.781	0.586	fixation	n/a	159.0	105.2	1360.0	n/a	n/a	n/a	n/a
122.369	0.032	saccade	n/a	190.3	127.4	n/a	155.0	122.0	1.4	206.0
122.403	0.144	fixation	n/a	153.2	119.3	1292.0	n/a	n/a	n/a	n/a
122.549	0.06	saccade	n/a	154.2	118.5	n/a	401.1	104.1	9.82	414.0
122.611	0.314	fixation	n/a	418.6	108.3	1292.0	n/a	n/a	n/a	n/a
122.927	0.028	saccade	n/a	419.3	112.9	n/a	403.6	109.4	0.65	146.0
122.957	0.112	fixation	n/a	398.7	111.7	1319.0	n/a	n/a	n/a	n/a
123.071	0.058	saccade	n/a	397.9	111.2	n/a	166.3	115.5	9.21	480.0
123.131	0.242	fixation	n/a	153.1	117.2	1327.0	n/a	n/a	n/a	n/a
123.375	0.036	saccade	n/a	154.7	119.2	n/a	217.6	112.2	2.5	289.0
123.413	0.398	fixation	n/a	233.5	112.2	1316.0	n/a	n/a	n/a	n/a
123.813	0.03	saccade	n/a	235.8	113.4	n/a	338.5	117.9	4.11	300.0
123.845	0.2	fixation	n/a	334.2	119.6	1314.0	n/a	n/a	n/a	n/a
124.047	0.016	saccade	n/a	336.5	123.6	n/a	325.7	123.0	0.43	77.0
124.065	0.102	fixation	n/a	331.9	123.0	1311.0	n/a	n/a	n/a	n/a
124.169	0.05	saccade	n/a	332.7	123.2	n/a	166.8	162.1	6.77	454.0
124.221	0.212	fixation	n/a	154.2	167.3	1350.0	n/a	n/a	n/a	n/a
124.435	0.036	saccade	n/a	157.2	168.3	n/a	225.1	169.1	2.67	324.0
124.473	0.368	fixation	n/a	244.0	171.6	1348.0	n/a	n/a	n/a	n/a
124.843	0.042	saccade	n/a	244.2	170.1	n/a	340.3	174.7	3.85	384.0
124.887	0.16	fixation	n/a	360.6	178.4	1296.0	n/a	n/a	n/a	n/a
125.049	0.018	saccade	n/a	363.3	178.5	n/a	348.5	175.7	0.61	82.0
125.069	0.108	fixation	n/a	352.5	177.1	1275.0	n/a	n/a	n/a	n/a
125.179	0.036	saccade	n/a	352.3	175.2	n/a	403.9	173.6	2.08	273.0
125.217	0.176	fixation	n/a	417.5	174.6	1234.0	n/a	n/a	n/a	n/a
125.395	0.038	saccade	n/a	418.7	173.4	n/a	477.2	176.5	2.36	274.0
125.435	0.242	fixation	n/a	489.1	177.8	1192.0	n/a	n/a	n/a	n/a
125.679	0.034	saccade	n/a	488.2	178.3	n/a	542.3	180.8	2.17	224.0
125.715	0.23	fixation	n/a	552.0	179.1	1151.0	n/a	n/a	n/a	n/a
125.947	0.04	saccade	n/a	552.2	180.7	n/a	613.2	180.8	2.42	296.0
125.989	0.152	fixation	n/a	630.4	182.0	1099.0	n/a	n/a	n/a	n/a
126.143	0.078	saccade	n/a	633.5	182.3	n/a	181.6	213.1	17.76	518.0
126.223	0.112	fixation	n/a	167.9	215.2	1147.0	n/a	n/a	n/a	n/a
126.337	0.03	saccade	n/a	165.8	215.8	n/a	145.3	222.4	0.84	176.0
126.369	0.138	fixation	n/a	136.7	223.8	1155.0	n/a	n/a	n/a	n/a
126.509	0.038	saccade	n/a	134.4	225.1	n/a	149.9	178.8	1.95	234.0
126.549	0.228	fixation	n/a	149.1	169.6	1170.0	n/a	n/a	n/a	n/a
126.779	0.036	saccade	n/a	149.1	169.0	n/a	196.1	165.6	1.85	313.0
126.817	0.138	fixation	n/a	210.6	161.3	1172.0	n/a	n/a	n/a	n/a
126.957	0.03	saccade	n/a	211.7	161.8	n/a	246.2	168.5	1.4	214.0
126.989	0.152	fixation	n/a	254.7	169.2	1174.0	n/a	n/a	n/a	n/a
127.143	0.034	saccade	n/a	258.0	170.0	n/a	223.0	113.9	2.67	276.0
127.179	0.288	fixation	n/a	216.3	116.1	1159.0	n/a	n/a	n/a	n/a
127.469	0.04	saccade	n/a	215.5	113.2	n/a	287.3	114.8	2.86	352.0
127.511	0.268	fixation	n/a	303.2	116.2	1189.0	n/a	n/a	n/a	n/a
127.781	0.04	saccade	n/a	301.6	116.4	n/a	391.6	117.1	3.62	365.0
127.823	0.218	fixation	n/a	406.2	114.7	1167.0	n/a	n/a	n/a	n/a
128.043	0.038	saccade	n/a	406.6	115.0	n/a	473.3	117.9	2.69	296.0
128.083	0.262	fixation	n/a	490.3	116.4	1103.0	n/a	n/a	n/a	n/a
128.347	0.078	saccade	n/a	494.7	115.0	n/a	156.1	112.9	13.44	486.0
128.427	0.4	fixation	n/a	143.2	115.4	1088.0	n/a	n/a	n/a	n/a
128.829	0.022	saccade	n/a	141.5	115.6	n/a	150.6	163.7	1.96	137.0
128.853	0.134	fixation	n/a	151.8	155.8	1101.0	n/a	n/a	n/a	n/a
128.989	0.014	saccade	n/a	153.8	157.2	n/a	176.3	167.1	0.97	92.0
129.005	0.192	fixation	n/a	170.8	162.7	1093.0	n/a	n/a	n/a	n/a
129.199	0.034	saccade	n/a	169.2	165.1	n/a	232.8	171.1	2.52	268.0
129.235	0.272	fixation	n/a	253.0	165.7	1070.0	n/a	n/a	n/a	n/a
129.509	0.034	saccade	n/a	255.4	167.1	n/a	320.9	173.6	2.63	325.0
129.545	0.174	fixation	n/a	335.5	174.7	992.0	n/a	n/a	n/a	n/a
129.721	0.032	saccade	n/a	337.2	174.9	n/a	383.0	179.7	1.85	239.0
129.755	0.166	fixation	n/a	392.9	176.8	925.0	n/a	n/a	n/a	n/a
129.923	0.034	saccade	n/a	393.5	176.3	n/a	449.0	182.0	2.25	228.0
129.959	0.264	fixation	n/a	456.4	179.1	905.0	n/a	n/a	n/a	n/a
130.225	0.04	saccade	n/a	451.8	182.8	n/a	542.4	179.0	3.63	286.0
130.267	0.232	fixation	n/a	551.3	181.0	946.0	n/a	n/a	n/a	n/a
130.501	0.036	saccade	n/a	548.8	180.1	n/a	601.8	180.7	2.1	281.0
130.539	0.144	fixation	n/a	618.2	180.0	977.0	n/a	n/a	n/a	n/a
130.685	0.07	saccade	n/a	618.1	180.7	n/a	153.0	206.5	18.27	491.0
130.757	0.356	fixation	n/a	161.0	209.9	1058.0	n/a	n/a	n/a	n/a
131.115	0.04	saccade	n/a	164.3	228.0	n/a	275.4	200.3	4.52	326.0
131.157	0.22	fixation	n/a	276.5	211.8	1132.0	n/a	n/a	n/a	n/a
131.25	0.0	trigger_11	11	n/a	n/a	n/a	n/a	n/a	n/a	n/a
131.262	0.0	trigger_10	10	n/a	n/a	n/a	n/a	n/a	n/a	n/a
131.379	0.064	saccade	n/a	277.0	214.3	n/a	348.6	533.7	12.74	496.0
131.445	0.158	fixation	n/a	355.1	553.9	1204.0	n/a	n/a	n/a	n/a
131.605	0.08	saccade	n/a	354.7	556.2	n/a	288.6	191.1	14.39	596.0
131.687	0.148	fixation	n/a	293.2	183.3	1154.0	n/a	n/a	n/a	n/a
131.837	0.036	saccade	n/a	297.2	184.2	n/a	363.5	199.8	2.73	318.0
131.875	0.18	fixation	n/a	382.3	202.0	1079.0	n/a	n/a	n/a	n/a
132.057	0.036	saccade	n/a	385.2	206.5	n/a	434.6	207.3	1.98	303.0
132.095	0.132	fixation	n/a	447.9	208.6	1114.0	n/a	n/a	n/a	n/a
132.229	0.064	saccade	n/a	443.4	209.8	n/a	552.3	202.0	4.36	251.0
132.295	0.158	fixation	n/a	555.8	198.5	1176.0	n/a	n/a	n/a	n/a
132.455	0.378	saccade	n/a	530.9	194.7	n/a	412.8	239.9	5.07	1263.0
132.557	0.216	blink	n/a	n/a	n/a	n/a	n/a	n/a	n/a	n/a
132.835	0.232	fixation	n/a	403.0	229.0	1196.0	n/a	n/a	n/a	n/a
133.069	0.084	saccade	n/a	401.5	236.9	n/a	451.6	195.6	2.62	235.0
133.155	0.274	fixation	n/a	447.8	183.5	1168.0	n/a	n/a	n/a	n/a
133.431	0.062	saccade	n/a	447.3	185.2	n/a	165.5	142.2	11.32	528.0
133.495	0.144	fixation	n/a	152.9	140.3	1164.0	n/a	n/a	n/a	n/a
133.641	0.022	saccade	n/a	152.8	139.0	n/a	165.8	114.7	1.1	106.0
133.665	0.126	fixation	n/a	163.2	124.0	1214.0	n/a	n/a	n/a	n/a
133.793	0.104	saccade	n/a	165.6	134.1	n/a	260.9	130.0	3.77	971.0
133.823	0.024	blink	n/a	n/a	n/a	n/a	n/a	n/a	n/a	n/a
133.899	0.15	fixation	n/a	257.5	126.0	1263.0	n/a	n/a	n/a	n/a
134.051	0.032	saccade	n/a	256.6	123.7	n/a	228.5	117.9	1.14	196.0
134.085	0.328	fixation	n/a	224.7	114.6	1293.0	n/a	n/a	n/a	n/a
134.415	0.038	saccade	n/a	232.2	114.0	n/a	281.1	111.2	1.95	306.0
134.455	0.24	fixation	n/a	305.0	115.8	1229.0	n/a	n/a	n/a	n/a
134.697	0.036	saccade	n/a	311.4	119.1	n/a	371.2	124.7	2.42	319.0
134.735	0.328	fixation	n/a	396.5	123.7	1174.0	n/a	n/a	n/a	n/a
135.065	0.038	saccade	n/a	401.3	125.8	n/a	460.7	132.3	2.41	264.0
135.105	0.17	fixation	n/a	475.3	134.8	1174.0	n/a	n/a	n/a	n/a
135.277	0.016	saccade	n/a	474.0	140.4	n/a	467.6	137.5	0.28	52.0
135.295	0.16	fixation	n/a	466.9	138.5	1226.0	n/a	n/a	n/a	n/a
135.457	0.034	saccade	n/a	463.5	137.5	n/a	503.9	134.5	1.62	242.0
135.493	0.176	fixation	n/a	517.7	134.9	1254.0	n/a	n/a	n/a	n/a
135.671	0.068	saccade	n/a	523.0	135.5	n/a	184.8	167.8	13.48	479.0
135.741	0.22	fixation	n/a	177.4	169.4	1294.0	n/a	n/a	n/a	n/a
135.963	0.034	saccade	n/a	178.7	169.7	n/a	218.7	174.9	1.59	302.0
135.999	0.184	fixation	n/a	234.8	176.3	1319.0	n/a	n/a	n/a	n/a
136.185	0.034	saccade	n/a	229.3	177.3	n/a	263.0	179.1	1.34	244.0
136.221	0.118	fixation	n/a	274.6	183.1	1313.0	n/a	n/a	n/a	n/a
136.341	0.038	saccade	n/a	273.6	192.7	n/a	346.2	187.8	2.91	343.0
136.381	0.24	fixation	n/a	365.2	183.3	1281.0	n/a	n/a	n/a	n/a
136.623	0.04	saccade	n/a	366.5	181.4	n/a	422.5	181.3	2.25	293.0
136.665	0.348	fixation	n/a	439.9	180.8	1275.0	n/a	n/a	n/a	n/a
137.015	0.026	saccade	n/a	439.1	180.2	n/a	443.2	108.5	2.93	221.0
137.043	0.168	fixation	n/a	441.5	119.1	1346.0	n/a	n/a	n/a	n/a
137.213	0.036	saccade	n/a	440.9	118.9	n/a	485.2	128.9	1.83	260.0
137.251	0.09	fixation	n/a	497.3	131.2	1362.0	n/a	n/a	n/a	n/a
137.343	0.062	saccade	n/a	499.8	132.4	n/a	182.3	176.2	12.75	506.0
137.407	0.242	fixation	n/a	172.0	176.4	1441.0	n/a	n/a	n/a	n/a
137.651	0.036	saccade	n/a	171.7	176.7	n/a	270.1	177.9	3.89	366.0
137.689	0.13	fixation	n/a	285.5	179.4	1442.0	n/a	n/a	n/a	n/a
137.821	0.056	saccade	n/a	287.8	179.8	n/a	482.4	181.6	7.8	428.0
137.879	0.2	fixation	n/a	500.5	185.0	1391.0	n/a	n/a	n/a	n/a
138.081	0.03	saccade	n/a	503.2	184.5	n/a	468.9	182.1	1.38	195.0
138.113	0.234	fixation	n/a	465.5	179.4	1382.0	n/a	n/a	n/a	n/a
138.349	0.06	saccade	n/a	467.9	179.8	n/a	202.4	217.8	10.67	499.0
138.411	0.214	fixation	n/a	186.4	219.2	1383.0	n/a	n/a	n/a	n/a
138.627	0.032	saccade	n/a	185.8	219.2	n/a	254.6	224.9	2.72	294.0
138.661	0.186	fixation	n/a	273.2	224.3	1390.0	n/a	n/a	n/a	n/a
138.849	0.052	saccade	n/a	274.9	224.2	n/a	399.8	229.5	5.0	406.0
138.903	0.256	fixation	n/a	412.5	230.7	1362.0	n/a	n/a	n/a	n/a
139.161	0.04	saccade	n/a	411.7	231.9	n/a	482.6	229.1	2.84	329.0
139.203	0.252	fixation	n/a	501.6	229.4	1303.0	n/a	n/a	n/a	n/a
139.324	0.0	trigger_11	11	n/a	n/a	n/a	n/a	n/a	n/a	n/a
139.342	0.0	trigger_10	10	n/a	n/a	n/a	n/a	n/a	n/a	n/a
139.457	0.036	saccade	n/a	503.8	229.2	n/a	584.2	218.5	3.23	331.0
139.495	0.106	fixation	n/a	595.6	218.0	1264.0	n/a	n/a	n/a	n/a
139.603	0.078	saccade	n/a	598.7	217.8	n/a	167.6	275.1	17.06	511.0
139.683	0.26	fixation	n/a	158.2	278.2	1304.0	n/a	n/a	n/a	n/a
139.945	0.03	saccade	n/a	154.3	278.1	n/a	301.2	280.3	5.78	379.0
139.977	0.24	fixation	n/a	310.3	276.4	1292.0	n/a	n/a	n/a	n/a
140.219	0.038	saccade	n/a	313.5	275.0	n/a	381.8	281.0	2.74	345.0
140.259	0.22	fixation	n/a	402.9	281.9	1227.0	n/a	n/a	n/a	n/a
140.481	0.034	saccade	n/a	404.0	285.3	n/a	446.3	279.7	1.71	247.0
140.517	0.156	fixation	n/a	458.4	279.1	1182.0	n/a	n/a	n/a	n/a
140.675	0.042	saccade	n/a	459.0	279.6	n/a	529.8	282.8	2.82	307.0
140.719	0.218	fixation	n/a	546.4	283.3	1141.0	n/a	n/a	n/a	n/a
140.939	0.068	saccade	n/a	547.5	281.8	n/a	212.3	324.9	13.31	505.0
141.009	0.184	fixation	n/a	197.1	329.5	1163.0	n/a	n/a	n/a	n/a
141.195	0.044	saccade	n/a	196.4	329.5	n/a	224.2	125.0	8.27	394.0
141.241	0.352	fixation	n/a	229.5	130.6	1201.0	n/a	n/a	n/a	n/a
141.595	0.028	saccade	n/a	229.3	133.1	n/a	256.1	119.3	1.2	197.0
141.625	0.178	fixation	n/a	259.9	117.9	1264.0	n/a	n/a	n/a	n/a
141.805	0.042	saccade	n/a	261.3	116.6	n/a	172.8	114.6	3.51	369.0
141.849	0.216	fixation	n/a	158.4	116.6	1290.0	n/a	n/a	n/a	n/a
142.067	0.03	saccade	n/a	157.3	117.6	n/a	188.8	121.1	1.25	198.0
142.099	0.216	fixation	n/a	196.4	120.0	1304.0	n/a	n/a	n/a	n/a
142.317	0.04	saccade	n/a	195.8	120.5	n/a	266.1	119.0	2.8	316.0
142.359	0.188	fixation	n/a	283.4	120.5	1312.0	n/a	n/a	n/a	n/a
142.549	0.034	saccade	n/a	285.2	120.5	n/a	251.9	122.9	1.33	233.0
142.585	0.244	fixation	n/a	241.8	124.0	1310.0	n/a	n/a	n/a	n/a
142.644	0.0	trigger_11	11	n/a	n/a	n/a	n/a	n/a	n/a	n/a
142.652	0.0	trigger_12	12	n/a	n/a	n/a	n/a	n/a	n/a	n/a
142.831	0.032	saccade	n/a	238.7	129.2	n/a	203.2	129.5	1.41	86.0
142.865	0.196	fixation	n/a	196.0	123.9	1317.0	n/a	n/a	n/a	n/a
143.063	0.034	saccade	n/a	192.8	122.4	n/a	156.1	129.6	1.47	241.0
143.099	0.168	fixation	n/a	149.5	130.0	1298.0	n/a	n/a	n/a	n/a
143.269	0.036	saccade	n/a	150.7	132.4	n/a	207.6	127.9	2.24	300.0
143.307	0.236	fixation	n/a	225.8	123.8	1267.0	n/a	n/a	n/a	n/a
143.545	0.036	saccade	n/a	224.3	126.6	n/a	315.1	125.9	3.62	313.0
143.583	0.274	fixation	n/a	324.6	117.9	1269.0	n/a	n/a	n/a	n/a
143.859	0.034	saccade	n/a	325.1	116.2	n/a	409.2	119.2	3.39	329.0
143.895	0.168	fixation	n/a	419.1	116.4	1197.0	n/a	n/a	n/a	n/a
144.065	0.034	saccade	n/a	418.7	114.8	n/a	466.6	121.5	1.95	237.0
144.101	0.142	fixation	n/a	475.6	121.2	1193.0	n/a	n/a	n/a	n/a
144.245	0.036	saccade	n/a	473.4	122.5	n/a	527.2	122.2	2.16	264.0
144.283	0.096	fixation	n/a	538.2	125.8	1213.0	n/a	n/a	n/a	n/a
144.381	0.072	saccade	n/a	541.1	124.2	n/a	159.4	176.7	15.24	522.0
144.455	0.164	fixation	n/a	144.9	178.5	1284.0	n/a	n/a	n/a	n/a
144.621	0.036	saccade	n/a	145.2	177.6	n/a	198.6	173.9	2.1	343.0
144.659	0.176	fixation	n/a	217.0	174.1	1296.0	n/a	n/a	n/a	n/a
144.812	0.0	trigger_13	13	n/a	n/a	n/a	n/a	n/a	n/a	n/a
144.826	0.0	trigger_10	10	n/a	n/a	n/a	n/a	n/a	n/a	n/a
144.837	0.036	saccade	n/a	219.9	173.6	n/a	179.2	137.3	2.18	295.0
144.875	0.078	fixation	n/a	166.6	137.5	1298.0	n/a	n/a	n/a	n/a
144.955	0.032	saccade	n/a	165.9	136.5	n/a	157.8	124.8	0.57	170.0
144.989	0.158	fixation	n/a	157.2	114.4	1292.0	n/a	n/a	n/a	n/a
145.149	0.042	saccade	n/a	156.7	114.3	n/a	272.3	111.9	4.58	369.0
145.193	0.226	fixation	n/a	292.4	112.7	1262.0	n/a	n/a	n/a	n/a
145.421	0.034	saccade	n/a	293.3	111.5	n/a	352.3	111.9	2.37	255.0
145.457	0.164	fixation	n/a	362.7	112.3	1229.0	n/a	n/a	n/a	n/a
145.623	0.032	saccade	n/a	364.6	113.1	n/a	410.2	114.3	1.84	227.0
145.657	0.234	fixation	n/a	416.3	113.8	1201.0	n/a	n/a	n/a	n/a
145.893	0.034	saccade	n/a	417.0	112.3	n/a	472.2	119.3	2.24	242.0
145.929	0.22	fixation	n/a	483.3	119.4	1177.0	n/a	n/a	n/a	n/a
146.151	0.036	saccade	n/a	483.8	118.4	n/a	535.9	121.2	2.09	280.0
146.189	0.24	fixation	n/a	548.0	122.7	1187.0	n/a	n/a	n/a	n/a
146.431	0.074	saccade	n/a	545.9	123.2	n/a	151.6	160.0	15.63	490.0
146.507	0.25	fixation	n/a	135.3	165.6	1285.0	n/a	n/a	n/a	n/a
146.759	0.02	saccade	n/a	135.5	165.5	n/a	162.4	118.5	2.16	171.0
146.781	0.254	fixation	n/a	161.5	121.4	1266.0	n/a	n/a	n/a	n/a
147.037	0.018	saccade	n/a	160.6	122.0	n/a	148.8	110.7	0.65	82.0
147.057	0.112	fixation	n/a	153.0	113.6	1247.0	n/a	n/a	n/a	n/a
147.116	0.0	trigger_11	11	n/a	n/a	n/a	n/a	n/a	n/a	n/a
147.122	0.0	trigger_10	10	n/a	n/a	n/a	n/a	n/a	n/a	n/a
147.171	0.034	saccade	n/a	152.4	114.2	n/a	206.2	107.4	2.13	282.0
147.207	0.196	fixation	n/a	217.9	106.7	1227.0	n/a	n/a	n/a	n/a
147.405	0.038	saccade	n/a	216.3	109.0	n/a	278.7	108.0	2.49	314.0
147.445	0.178	fixation	n/a	297.4	106.4	1183.0	n/a	n/a	n/a	n/a
147.625	0.038	saccade	n/a	297.3	106.7	n/a	381.0	111.5	3.37	318.0
147.665	0.268	fixation	n/a	399.3	109.7	1109.0	n/a	n/a	n/a	n/a
147.935	0.042	saccade	n/a	402.3	110.1	n/a	487.1	121.5	3.44	277.0
147.979	0.104	fixation	n/a	501.2	120.5	1043.0	n/a	n/a	n/a	n/a
148.085	0.032	saccade	n/a	502.4	119.9	n/a	536.5	122.8	1.37	229.0
148.119	0.18	fixation	n/a	549.6	121.0	1012.0	n/a	n/a	n/a	n/a
148.301	0.076	saccade	n/a	552.0	119.7	n/a	163.0	167.4	15.5	443.0
148.379	0.26	fixation	n/a	150.0	171.8	1111.0	n/a	n/a	n/a	n/a
148.641	0.034	saccade	n/a	147.2	172.2	n/a	199.0	171.1	2.04	276.0
148.677	0.14	fixation	n/a	209.6	168.5	1172.0	n/a	n/a	n/a	n/a
148.819	0.036	saccade	n/a	210.3	168.8	n/a	256.2	169.8	1.82	283.0
148.82	0.0	trigger_11	11	n/a	n/a	n/a	n/a	n/a	n/a	n/a
148.836	0.0	trigger_10	10	n/a	n/a	n/a	n/a	n/a	n/a	n/a
148.857	0.144	fixation	n/a	269.6	168.6	1195.0	n/a	n/a	n/a	n/a
149.003	0.028	saccade	n/a	271.2	170.3	n/a	288.3	98.2	3.02	249.0
149.033	0.288	fixation	n/a	289.1	107.8	1178.0	n/a	n/a	n/a	n/a
149.323	0.044	saccade	n/a	290.2	109.9	n/a	169.0	112.7	4.8	390.0
149.369	0.202	fixation	n/a	152.0	114.2	1195.0	n/a	n/a	n/a	n/a
149.573	0.032	saccade	n/a	149.2	116.4	n/a	190.1	116.0	1.6	236.0
149.607	0.126	fixation	n/a	201.3	115.0	1181.0	n/a	n/a	n/a	n/a
149.735	0.034	saccade	n/a	202.7	113.3	n/a	283.7	118.0	3.23	307.0
149.771	0.236	fixation	n/a	302.1	113.6	1153.0	n/a	n/a	n/a	n/a
150.009	0.036	saccade	n/a	304.4	110.2	n/a	354.8	112.9	2.03	285.0
150.047	0.198	fixation	n/a	367.8	112.3	1122.0	n/a	n/a	n/a	n/a
150.247	0.034	saccade	n/a	369.5	112.3	n/a	436.0	117.5	2.69	278.0
150.283	0.18	fixation	n/a	446.5	115.0	1082.0	n/a	n/a	n/a	n/a
150.465	0.034	saccade	n/a	448.2	115.0	n/a	491.2	117.4	1.73	219.0
150.501	0.21	fixation	n/a	502.2	117.6	1049.0	n/a	n/a	n/a	n/a
150.713	0.028	saccade	n/a	503.6	117.1	n/a	533.4	117.7	1.19	181.0
150.743	0.264	fixation	n/a	538.8	115.7	1027.0	n/a	n/a	n/a	n/a
151.009	0.056	saccade	n/a	538.5	113.0	n/a	164.0	111.7	14.8	503.0
151.067	0.16	fixation	n/a	167.7	116.0	1103.0	n/a	n/a	n/a	n/a
151.229	0.018	saccade	n/a	165.1	118.4	n/a	150.1	109.1	0.7	82.0
151.249	0.234	fixation	n/a	152.6	114.7	1118.0	n/a	n/a	n/a	n/a
151.485	0.032	saccade	n/a	152.4	115.6	n/a	200.3	110.9	1.89	258.0
151.519	0.136	fixation	n/a	208.9	110.8	1099.0	n/a	n/a	n/a	n/a
151.657	0.042	saccade	n/a	210.2	117.6	n/a	301.3	110.5	3.64	226.0
151.701	0.226	fixation	n/a	296.7	109.3	1092.0	n/a	n/a	n/a	n/a
151.929	0.032	saccade	n/a	296.3	110.8	n/a	341.3	115.6	1.82	229.0
151.963	0.186	fixation	n/a	347.6	113.9	1079.0	n/a	n/a	n/a	n/a
152.151	0.036	saccade	n/a	348.6	116.5	n/a	408.3	120.7	2.41	271.0
152.189	0.4	fixation	n/a	420.5	119.2	1067.0	n/a	n/a	n/a	n/a
152.591	0.028	saccade	n/a	423.5	123.9	n/a	491.3	120.7	2.73	134.0
152.621	0.194	fixation	n/a	488.6	122.9	1046.0	n/a	n/a	n/a	n/a
152.817	0.036	saccade	n/a	489.5	124.1	n/a	536.4	123.1	1.88	234.0
152.855	0.106	fixation	n/a	545.7	122.1	1015.0	n/a	n/a	n/a	n/a
152.963	0.06	saccade	n/a	547.5	123.5	n/a	155.6	159.2	15.53	485.0
153.025	0.162	fixation	n/a	159.0	160.2	1060.0	n/a	n/a	n/a	n/a
153.189	0.012	saccade	n/a	158.1	161.6	n/a	138.1	173.2	0.91	86.0
153.203	0.19	fixation	n/a	143.6	170.6	1085.0	n/a	n/a	n/a	n/a
153.395	0.034	saccade	n/a	142.8	172.7	n/a	200.0	173.3	2.25	293.0
153.431	0.2	fixation	n/a	212.6	173.8	1138.0	n/a	n/a	n/a	n/a
153.633	0.038	saccade	n/a	211.6	174.0	n/a	269.9	174.7	2.32	306.0
153.673	0.28	fixation	n/a	287.8	174.7	1169.0	n/a	n/a	n/a	n/a
153.955	0.034	saccade	n/a	288.0	174.3	n/a	449.3	181.4	6.47	376.0
153.991	0.322	fixation	n/a	452.0	178.1	1102.0	n/a	n/a	n/a	n/a
154.052	0.0	trigger_11	11	n/a	n/a	n/a	n/a	n/a	n/a	n/a
154.06	0.0	trigger_10	10	n/a	n/a	n/a	n/a	n/a	n/a	n/a
154.315	0.016	saccade	n/a	451.6	176.3	n/a	437.3	175.5	0.58	78.0
154.333	0.11	fixation	n/a	442.2	176.6	1078.0	n/a	n/a	n/a	n/a
154.445	0.074	saccade	n/a	443.8	175.2	n/a	187.2	107.3	10.57	416.0
154.521	0.158	fixation	n/a	178.2	109.2	1080.0	n/a	n/a	n/a	n/a
154.681	0.034	saccade	n/a	176.4	112.5	n/a	218.5	108.1	1.67	269.0
154.717	0.14	fixation	n/a	230.8	109.9	1109.0	n/a	n/a	n/a	n/a
154.859	0.038	saccade	n/a	230.6	113.3	n/a	286.5	111.6	2.23	336.0
154.899	0.62	fixation	n/a	303.0	116.2	1169.0	n/a	n/a	n/a	n/a
155.521	0.086	saccade	n/a	297.8	121.2	n/a	521.5	582.1	19.82	434.0
155.609	0.172	fixation	n/a	533.6	571.0	1276.0	n/a	n/a	n/a	n/a
155.783	0.034	saccade	n/a	537.5	570.3	n/a	418.8	550.6	4.59	282.0
155.819	0.458	fixation	n/a	416.8	550.9	1123.0	n/a	n/a	n/a	n/a
156.198	0.0	trigger_11	11	n/a	n/a	n/a	n/a	n/a	n/a	n/a
156.206	0.0	trigger_12	12	n/a	n/a	n/a	n/a	n/a	n/a	n/a
156.279	0.072	saccade	n/a	417.5	552.9	n/a	239.4	154.9	16.96	562.0
156.353	0.088	fixation	n/a	241.8	161.0	995.0	n/a	n/a	n/a	n/a
156.443	0.036	saccade	n/a	244.3	160.9	n/a	188.0	128.8	2.58	304.0
156.481	0.09	fixation	n/a	177.7	124.9	980.0	n/a	n/a	n/a	n/a
156.573	0.028	saccade	n/a	177.7	126.0	n/a	170.0	113.5	0.59	140.0
156.603	0.13	fixation	n/a	163.8	110.1	970.0	n/a	n/a	n/a	n/a
156.735	0.034	saccade	n/a	162.2	110.5	n/a	230.5	104.4	2.71	287.0
156.771	0.194	fixation	n/a	242.0	103.1	1006.0	n/a	n/a	n/a	n/a
156.967	0.034	saccade	n/a	242.2	104.1	n/a	312.3	112.6	2.83	321.0
157.003	0.176	fixation	n/a	325.7	111.4	1071.0	n/a	n/a	n/a	n/a
157.181	0.024	saccade	n/a	327.7	112.3	n/a	385.7	108.5	2.34	214.0
157.207	0.194	fixation	n/a	380.3	108.4	1085.0	n/a	n/a	n/a	n/a
157.403	0.036	saccade	n/a	381.3	108.1	n/a	454.6	117.0	2.97	287.0
157.441	0.14	fixation	n/a	464.8	114.1	1090.0	n/a	n/a	n/a	n/a
157.583	0.036	saccade	n/a	466.4	113.7	n/a	507.6	120.7	1.68	220.0
157.621	0.108	fixation	n/a	516.7	117.8	1092.0	n/a	n/a	n/a	n/a
157.731	0.07	saccade	n/a	518.2	116.6	n/a	161.2	166.0	14.28	522.0
157.803	0.228	fixation	n/a	146.2	171.7	1164.0	n/a	n/a	n/a	n/a
157.974	0.0	trigger_13	13	n/a	n/a	n/a	n/a	n/a	n/a	n/a
157.99	0.0	trigger_10	10	n/a	n/a	n/a	n/a	n/a	n/a	n/a
158.033	0.056	saccade	n/a	145.9	174.6	n/a	318.9	171.6	6.85	416.0
158.091	0.274	fixation	n/a	328.2	174.7	1179.0	n/a	n/a	n/a	n/a
158.367	0.044	saccade	n/a	327.0	173.1	n/a	168.5	116.9	6.69	426.0
158.413	0.26	fixation	n/a	167.4	115.4	1184.0	n/a	n/a	n/a	n/a
158.675	0.04	saccade	n/a	164.9	118.4	n/a	247.1	110.0	3.27	320.0
158.717	0.254	fixation	n/a	263.7	111.0	1147.0	n/a	n/a	n/a	n/a
158.973	0.032	saccade	n/a	267.1	111.7	n/a	233.3	113.9	1.35	180.0
159.007	0.028	fixation	n/a	230.1	115.1	1152.0	n/a	n/a	n/a	n/a
159.037	0.046	saccade	n/a	227.6	117.0	n/a	340.0	113.2	4.49	382.0
159.085	0.258	fixation	n/a	357.9	113.6	1178.0	n/a	n/a	n/a	n/a
159.345	0.026	saccade	n/a	356.5	112.1	n/a	443.1	114.6	3.49	260.0
159.373	0.32	fixation	n/a	436.3	117.1	1215.0	n/a	n/a	n/a	n/a
159.695	0.038	saccade	n/a	437.1	118.4	n/a	496.3	118.0	2.38	270.0
159.735	0.15	fixation	n/a	509.6	117.3	1223.0	n/a	n/a	n/a	n/a
159.887	0.03	saccade	n/a	509.4	117.0	n/a	538.1	120.4	1.15	189.0
159.919	0.224	fixation	n/a	546.1	119.8	1224.0	n/a	n/a	n/a	n/a
160.145	0.068	saccade	n/a	546.1	120.9	n/a	213.9	114.5	13.21	502.0
160.215	0.132	fixation	n/a	201.8	118.8	1262.0	n/a	n/a	n/a	n/a
160.349	0.022	saccade	n/a	202.0	117.7	n/a	151.8	111.3	1.99	160.0
160.373	0.24	fixation	n/a	165.7	113.1	1236.0	n/a	n/a	n/a	n/a
160.615	0.04	saccade	n/a	165.2	112.5	n/a	244.7	106.2	3.15	355.0
160.657	0.252	fixation	n/a	268.6	108.8	1209.0	n/a	n/a	n/a	n/a
160.911	0.056	saccade	n/a	270.0	113.7	n/a	364.5	116.9	3.8	251.0
160.969	0.234	fixation	n/a	368.1	117.2	1191.0	n/a	n/a	n/a	n/a
161.205	0.016	saccade	n/a	362.7	120.2	n/a	353.0	121.4	0.39	50.0
161.223	0.12	fixation	n/a	357.2	121.8	1150.0	n/a	n/a	n/a	n/a
161.345	0.04	saccade	n/a	357.0	122.5	n/a	428.0	126.3	2.87	286.0
161.387	0.256	fixation	n/a	442.5	127.6	1133.0	n/a	n/a	n/a	n/a
161.566	0.0	trigger_11	11	n/a	n/a	n/a	n/a	n/a	n/a	n/a
161.566	0.0	trigger_18	18	n/a	n/a	n/a	n/a	n/a	n/a	n/a
161.645	0.052	saccade	n/a	435.6	135.7	n/a	536.6	139.7	4.05	200.0
161.699	0.232	fixation	n/a	527.5	133.7	1177.0	n/a	n/a	n/a	n/a
161.933	0.07	saccade	n/a	529.5	130.6	n/a	143.8	172.4	15.34	509.0
162.005	0.248	fixation	n/a	131.2	177.8	1276.0	n/a	n/a	n/a	n/a
162.255	0.04	saccade	n/a	133.2	180.9	n/a	170.4	133.9	2.39	232.0
162.297	0.146	fixation	n/a	175.4	121.6	1309.0	n/a	n/a	n/a	n/a
162.445	0.036	saccade	n/a	179.3	119.8	n/a	229.5	119.5	1.98	309.0
162.483	0.296	fixation	n/a	250.2	114.6	1340.0	n/a	n/a	n/a	n/a
162.781	0.036	saccade	n/a	249.3	114.4	n/a	318.1	118.8	2.76	373.0
162.819	0.258	fixation	n/a	333.1	119.8	1359.0	n/a	n/a	n/a	n/a
163.079	0.024	saccade	n/a	332.0	116.9	n/a	324.5	116.5	0.3	95.0
163.105	0.268	fixation	n/a	318.6	118.2	1349.0	n/a	n/a	n/a	n/a
163.375	0.028	saccade	n/a	318.7	121.2	n/a	183.6	118.9	5.37	352.0
163.405	0.884	fixation	n/a	193.2	119.7	1368.0	n/a	n/a	n/a	n/a
164.291	0.058	saccade	n/a	197.4	128.0	n/a	252.0	245.0	5.2	127.0
164.351	0.23	fixation	n/a	259.8	256.5	1381.0	n/a	n/a	n/a	n/a
164.583	0.018	saccade	n/a	262.1	257.2	n/a	229.6	236.4	1.54	125.0
164.603	0.03	fixation	n/a	212.6	238.1	1361.0	n/a	n/a	n/a	n/a
164.635	0.034	saccade	n/a	192.5	237.3	n/a	150.4	237.4	1.65	181.0
164.671	0.188	fixation	n/a	145.3	235.7	1267.0	n/a	n/a	n/a	n/a
164.861	0.032	saccade	n/a	150.5	238.0	n/a	209.8	225.6	2.38	124.0
164.895	0.106	fixation	n/a	203.6	227.3	1166.0	n/a	n/a	n/a	n/a
165.003	0.032	saccade	n/a	203.0	225.6	n/a	249.8	225.3	1.85	238.0
165.037	0.166	fixation	n/a	258.3	225.5	1124.0	n/a	n/a	n/a	n/a
165.205	0.032	saccade	n/a	259.6	226.5	n/a	294.3	226.4	1.39	199.0
165.239	0.33	fixation	n/a	307.1	228.4	1027.0	n/a	n/a	n/a	n/a
165.571	0.032	saccade	n/a	306.5	228.4	n/a	365.3	231.3	2.36	242.0
165.605	0.166	fixation	n/a	371.7	230.6	973.0	n/a	n/a	n/a	n/a
165.773	0.218	saccade	n/a	371.1	239.0	n/a	447.8	229.2	3.11	578.0
165.797	0.146	blink	n/a	n/a	n/a	n/a	n/a	n/a	n/a	n/a
165.993	0.102	fixation	n/a	449.7	223.1	1027.0	n/a	n/a	n/a	n/a
